<?xml version="1.0"?>
<!-- Generated by Oracle Reports version 6.0.8.25.0 -->
<ST_ANAGRAFICA_PERSONALE>
  <LIST_G_CGNDIP>
    <G_CGNDIP>
      <NUMISCRUO>00</NUMISCRUO>
      <DATAINI_QUAL>01-GEN-18</DATAINI_QUAL>
      <DATSCACER>15-LUG-20</DATSCACER>
      <SESDIP>M</SESDIP>
      <DATA_ASSUNZIONE>07-LUG-97</DATA_ASSUNZIONE>
      <RUOLOQUAL>2</RUOLOQUAL>
      <DATCMBTUR>02-LUG-21</DATCMBTUR>
      <DESCCOMUNE>TORINO</DESCCOMUNE>
      <CGNDIP>FRESOLONE</CGNDIP>
      <NOMDIP>COSIMO</NOMDIP>
      <CODQUALIFICA>506</CODQUALIFICA>
      <DATNASDIP>02-GIU-67</DATNASDIP>
      <CODCOMUNE_NAS>1272</CODCOMUNE_NAS>
      <MATDIP>1903051</MATDIP>
      <CODFISDIP>FRSCSM67H02L219U</CODFISDIP>
      <GIPDIP_TYPE>DIPOPER</GIPDIP_TYPE>
      <CODTIPOPERS>2</CODTIPOPERS>
      <POSECONOMICA> </POSECONOMICA>
      <FASCIARETRIB>0</FASCIARETRIB>
      <DATINI>01-GEN-18</DATINI>
      <CODCESSAZIONE></CODCESSAZIONE>
      <VIARES>VIA GRATAGLIE</VIARES>
      <CAPRES>84025</CAPRES>
      <CODCOMUNE_RES>65050</CODCOMUNE_RES>
      <CODPROV_RISIEDE_IN>SA</CODPROV_RISIEDE_IN>
      <CODTUR>B6</CODTUR>
      <CODSEDE>SA</CODSEDE>
      <CODDTC>2004</CODDTC>
      <DATAASGN>15-GIU-20</DATAASGN>
      <DATA_CESSAZIONE></DATA_CESSAZIONE>
      <DATA_REINTEGRO></DATA_REINTEGRO>
      <CF_DATA_CESS></CF_DATA_CESS>
      <CF_NOMEQUALIFICA>CAPO SQUADRA</CF_NOMEQUALIFICA>
      <CF_DESDTC>Eboli</CF_DESDTC>
      <CF_INDIRIZZO>Indirizzo : VIA GRATAGLIE C.A.P. 84025 - EBOLI</CF_INDIRIZZO>
      <CF_TELEFONO>Telefono : 0828/365808</CF_TELEFONO>
      <CF_DT_ASSUNZIONE> Data Assunzione : 07/07/1997 Data inizio qualifica : 01/01/2018 Specializzazioni: DIRETTORE OPER. SPEGNIMENTO,ANTINCENDIO NAVALE,NUCLEO BATTERIOLOGICO LIV. 2,OPERAT. CENTRALE OPERATIVA 115,SOSTANZE PERICOLOSE,POLIZIA GIUDIZIARIA,PREVENZIONE INCENDI,RADIOMETRIA E RADIOATTIVITA',OPERATORE BASE TAS (TAS1),OPERATORE AVANZATO TAS (TAS2),PUNTELLAMENTI E COSTRUZIONI,URBAN SEARCH &amp; RESCUE LIGHT,AUTISTA DI 1^ GRADO,AUTISTA DI 2^ GRADO,SAF 1A,TECNICHE PRIMO SOCCORSO,AUTOPROT. AMBIENTE ACQUATICO</CF_DT_ASSUNZIONE>
    </G_CGNDIP>
    <G_CGNDIP>
      <NUMISCRUO>00</NUMISCRUO>
      <DATAINI_QUAL>01-GEN-18</DATAINI_QUAL>
      <DATSCACER>09-MAR-22</DATSCACER>
      <SESDIP>M</SESDIP>
      <DATA_ASSUNZIONE>21-OTT-96</DATA_ASSUNZIONE>
      <RUOLOQUAL>2</RUOLOQUAL>
      <DATCMBTUR>01-NOV-20</DATCMBTUR>
      <DESCCOMUNE>PAGANI</DESCCOMUNE>
      <CGNDIP>PAUCIULO</CGNDIP>
      <NOMDIP>GERARDO SALVATORE</NOMDIP>
      <CODQUALIFICA>506</CODQUALIFICA>
      <DATNASDIP>14-LUG-66</DATNASDIP>
      <CODCOMUNE_NAS>65088</CODCOMUNE_NAS>
      <MATDIP>1900394</MATDIP>
      <CODFISDIP>PCLGRD66L14G230Y</CODFISDIP>
      <GIPDIP_TYPE>DIPOPER</GIPDIP_TYPE>
      <CODTIPOPERS>2</CODTIPOPERS>
      <POSECONOMICA> </POSECONOMICA>
      <FASCIARETRIB>0</FASCIARETRIB>
      <DATINI>01-GEN-18</DATINI>
      <CODCESSAZIONE></CODCESSAZIONE>
      <VIARES>VIA NUOVA PROVINCIALE CHIUNZI, 158</VIARES>
      <CAPRES>84010</CAPRES>
      <CODCOMUNE_RES>65066</CODCOMUNE_RES>
      <CODPROV_RISIEDE_IN>SA</CODPROV_RISIEDE_IN>
      <CODTUR>C7</CODTUR>
      <CODSEDE>SA</CODSEDE>
      <CODDTC>2002</CODDTC>
      <DATAASGN>28-MAG-18</DATAASGN>
      <DATA_CESSAZIONE></DATA_CESSAZIONE>
      <DATA_REINTEGRO></DATA_REINTEGRO>
      <CF_DATA_CESS></CF_DATA_CESS>
      <CF_NOMEQUALIFICA>CAPO SQUADRA</CF_NOMEQUALIFICA>
      <CF_DESDTC>Nocera Inferiore</CF_DESDTC>
      <CF_INDIRIZZO>Indirizzo : VIA NUOVA PROVINCIALE CHIUNZI, 158 C.A.P. 84010 - MAIORI</CF_INDIRIZZO>
      <CF_TELEFONO>Telefono : 331/5784045</CF_TELEFONO>
      <CF_DT_ASSUNZIONE> Data Assunzione : 21/10/1996 Data inizio qualifica : 01/01/2018 Specializzazioni: ANTINCENDIO NAVALE,AUTISTA DI 1^ GRADO LIM.,PATENTE NAUTICA 1^ CAT.,NUCLEO BATTERIOLOGICO LIV. 2,OPERAT. CENTRALE OPERATIVA 115,POLIZIA GIUDIZIARIA,PREVENZIONE INCENDI,RADIOMETRIA E RADIOATTIVITA',SAF FLUVIALE,OPERATORE BASE TAS (TAS1),URBAN SEARCH &amp; RESCUE LIGHT,AUTISTA DI 1^ GRADO,SAF 1A,SAF 1B,TECNICHE PRIMO SOCCORSO,AUTOPROT. AMBIENTE ACQUATICO</CF_DT_ASSUNZIONE>
    </G_CGNDIP>
    <G_CGNDIP>
      <NUMISCRUO>00</NUMISCRUO>
      <DATAINI_QUAL>01-GEN-18</DATAINI_QUAL>
      <DATSCACER>12-LUG-20</DATSCACER>
      <SESDIP>M</SESDIP>
      <DATA_ASSUNZIONE>20-OTT-97</DATA_ASSUNZIONE>
      <RUOLOQUAL>2</RUOLOQUAL>
      <DATCMBTUR>28-AGO-20</DATCMBTUR>
      <DESCCOMUNE>PAGANI</DESCCOMUNE>
      <CGNDIP>APICELLA</CGNDIP>
      <NOMDIP>ALFONSO</NOMDIP>
      <CODQUALIFICA>506</CODQUALIFICA>
      <DATNASDIP>24-MAR-72</DATNASDIP>
      <CODCOMUNE_NAS>65088</CODCOMUNE_NAS>
      <MATDIP>1903794</MATDIP>
      <CODFISDIP>PCLLNS72C24G230E</CODFISDIP>
      <GIPDIP_TYPE>DIPOPER</GIPDIP_TYPE>
      <CODTIPOPERS>2</CODTIPOPERS>
      <POSECONOMICA> </POSECONOMICA>
      <FASCIARETRIB>0</FASCIARETRIB>
      <DATINI>01-GEN-18</DATINI>
      <CODCESSAZIONE></CODCESSAZIONE>
      <VIARES>VIA EUROPA, 5</VIARES>
      <CAPRES>84083</CAPRES>
      <CODCOMUNE_RES>65034</CODCOMUNE_RES>
      <CODPROV_RISIEDE_IN>SA</CODPROV_RISIEDE_IN>
      <CODTUR>B2</CODTUR>
      <CODSEDE>SA</CODSEDE>
      <CODDTC>2002</CODDTC>
      <DATAASGN>15-GIU-20</DATAASGN>
      <DATA_CESSAZIONE></DATA_CESSAZIONE>
      <DATA_REINTEGRO></DATA_REINTEGRO>
      <CF_DATA_CESS></CF_DATA_CESS>
      <CF_NOMEQUALIFICA>CAPO SQUADRA</CF_NOMEQUALIFICA>
      <CF_DESDTC>Nocera Inferiore</CF_DESDTC>
      <CF_INDIRIZZO>Indirizzo : VIA EUROPA, 5 C.A.P. 84083 - CASTEL SAN GIORGIO</CF_INDIRIZZO>
      <CF_TELEFONO>Telefono : 334/2111903</CF_TELEFONO>
      <CF_DT_ASSUNZIONE> Data Assunzione : 20/10/1997 Data inizio qualifica : 01/01/2018 Specializzazioni: DIRETTORE OPER. SPEGNIMENTO,SOSTANZE PERICOLOSE,POLIZIA GIUDIZIARIA,PREVENZIONE INCENDI,RADIOMETRIA E RADIOATTIVITA',OPERATORE BASE TAS (TAS1),PUNTELLAMENTI E COSTRUZIONI,AUTISTA DI 2^ GRADO,TECNICHE PRIMO SOCCORSO,AUTOPROT. AMBIENTE ACQUATICO</CF_DT_ASSUNZIONE>
    </G_CGNDIP>
    <G_CGNDIP>
      <NUMISCRUO>00</NUMISCRUO>
      <DATAINI_QUAL>01-GEN-18</DATAINI_QUAL>
      <DATSCACER>09-AGO-20</DATSCACER>
      <SESDIP>M</SESDIP>
      <DATA_ASSUNZIONE>27-GEN-97</DATA_ASSUNZIONE>
      <RUOLOQUAL>2</RUOLOQUAL>
      <DATCMBTUR>31-MAG-19</DATCMBTUR>
      <DESCCOMUNE>POLLA</DESCCOMUNE>
      <CGNDIP>PAGANO</CGNDIP>
      <NOMDIP>PASQUALE</NOMDIP>
      <CODQUALIFICA>506</CODQUALIFICA>
      <DATNASDIP>08-GEN-70</DATNASDIP>
      <CODCOMUNE_NAS>65097</CODCOMUNE_NAS>
      <MATDIP>1901365</MATDIP>
      <CODFISDIP>PGNPQL70A08G793H</CODFISDIP>
      <GIPDIP_TYPE>DIPOPER</GIPDIP_TYPE>
      <CODTIPOPERS>2</CODTIPOPERS>
      <POSECONOMICA> </POSECONOMICA>
      <FASCIARETRIB>0</FASCIARETRIB>
      <DATINI>01-GEN-18</DATINI>
      <CODCESSAZIONE></CODCESSAZIONE>
      <VIARES>BORGO SAN MICHELE</VIARES>
      <CAPRES>84030</CAPRES>
      <CODCOMUNE_RES>65126</CODCOMUNE_RES>
      <CODPROV_RISIEDE_IN>SA</CODPROV_RISIEDE_IN>
      <CODTUR>E2</CODTUR>
      <CODSEDE>SA</CODSEDE>
      <CODDTC>2003</CODDTC>
      <DATAASGN>17-GIU-19</DATAASGN>
      <DATA_CESSAZIONE></DATA_CESSAZIONE>
      <DATA_REINTEGRO></DATA_REINTEGRO>
      <CF_DATA_CESS></CF_DATA_CESS>
      <CF_NOMEQUALIFICA>CAPO SQUADRA</CF_NOMEQUALIFICA>
      <CF_DESDTC>Sala Consilina</CF_DESDTC>
      <CF_INDIRIZZO>Indirizzo : BORGO SAN MICHELE C.A.P. 84030 - SAN RUFO</CF_INDIRIZZO>
      <CF_TELEFONO>Telefono : 0975/395349 - 328/3270528</CF_TELEFONO>
      <CF_DT_ASSUNZIONE> Data Assunzione : 27/01/1997 Data inizio qualifica : 01/01/2018 Specializzazioni: MOVIMENTO TERRA,NUCLEO BATTERIOLOGICO LIV. 2,SOSTANZE PERICOLOSE,PUNTELLAMENTI E COSTRUZIONI,AUTISTA DI 4^ GRADO,SAF 1A</CF_DT_ASSUNZIONE>
    </G_CGNDIP>
    <G_CGNDIP>
      <NUMISCRUO>00</NUMISCRUO>
      <DATAINI_QUAL>01-GEN-18</DATAINI_QUAL>
      <DATSCACER>19-LUG-20</DATSCACER>
      <SESDIP>M</SESDIP>
      <DATA_ASSUNZIONE>21-OTT-96</DATA_ASSUNZIONE>
      <RUOLOQUAL>2</RUOLOQUAL>
      <DATCMBTUR>02-LUG-21</DATCMBTUR>
      <DESCCOMUNE>ROCCADASPIDE</DESCCOMUNE>
      <CGNDIP>IMPEMBO</CGNDIP>
      <NOMDIP>MASSIMO</NOMDIP>
      <CODQUALIFICA>506</CODQUALIFICA>
      <DATNASDIP>01-MAR-74</DATNASDIP>
      <CODCOMUNE_NAS>65106</CODCOMUNE_NAS>
      <MATDIP>1900201</MATDIP>
      <CODFISDIP>MPMMSM74C01H394P</CODFISDIP>
      <GIPDIP_TYPE>DIPOPER</GIPDIP_TYPE>
      <CODTIPOPERS>2</CODTIPOPERS>
      <POSECONOMICA> </POSECONOMICA>
      <FASCIARETRIB>0</FASCIARETRIB>
      <DATINI>01-GEN-18</DATINI>
      <CODCESSAZIONE></CODCESSAZIONE>
      <VIARES>VIA TRE FICO N? 16</VIARES>
      <CAPRES>84069</CAPRES>
      <CODCOMUNE_RES>65106</CODCOMUNE_RES>
      <CODPROV_RISIEDE_IN>SA</CODPROV_RISIEDE_IN>
      <CODTUR>B1</CODTUR>
      <CODSEDE>SA</CODSEDE>
      <CODDTC>2004</CODDTC>
      <DATAASGN>17-GIU-19</DATAASGN>
      <DATA_CESSAZIONE></DATA_CESSAZIONE>
      <DATA_REINTEGRO></DATA_REINTEGRO>
      <CF_DATA_CESS></CF_DATA_CESS>
      <CF_NOMEQUALIFICA>CAPO SQUADRA</CF_NOMEQUALIFICA>
      <CF_DESDTC>Eboli</CF_DESDTC>
      <CF_INDIRIZZO>Indirizzo : VIA TRE FICO N? 16 C.A.P. 84069 - ROCCADASPIDE</CF_INDIRIZZO>
      <CF_TELEFONO>Telefono : 0828/943446</CF_TELEFONO>
      <CF_DT_ASSUNZIONE> Data Assunzione : 21/10/1996 Data inizio qualifica : 01/01/2018 Specializzazioni: ATTR. IND. DI PROTEZIONE (DPI),NUCLEO BATTERIOLOGICO LIV. 2,INFORMATICA APPLICATA,OPERATORE BASE TAS (TAS1),AUTISTA DI 2^ GRADO,AUTISTA DI 4^ GRADO,SAF 1A</CF_DT_ASSUNZIONE>
    </G_CGNDIP>
    <G_CGNDIP>
      <NUMISCRUO>00</NUMISCRUO>
      <DATAINI_QUAL>01-GEN-18</DATAINI_QUAL>
      <DATSCACER>09-SET-20</DATSCACER>
      <SESDIP>M</SESDIP>
      <DATA_ASSUNZIONE>14-APR-97</DATA_ASSUNZIONE>
      <RUOLOQUAL>2</RUOLOQUAL>
      <DATCMBTUR>27-NOV-19</DATCMBTUR>
      <DESCCOMUNE>ROCCADASPIDE</DESCCOMUNE>
      <CGNDIP>PINGARO</CGNDIP>
      <NOMDIP>PASQUALE</NOMDIP>
      <CODQUALIFICA>506</CODQUALIFICA>
      <DATNASDIP>02-OTT-70</DATNASDIP>
      <CODCOMUNE_NAS>65106</CODCOMUNE_NAS>
      <MATDIP>1902566</MATDIP>
      <CODFISDIP>PNGPQL70R02H394V</CODFISDIP>
      <GIPDIP_TYPE>DIPOPER</GIPDIP_TYPE>
      <CODTIPOPERS>2</CODTIPOPERS>
      <POSECONOMICA> </POSECONOMICA>
      <FASCIARETRIB>0</FASCIARETRIB>
      <DATINI>01-GEN-18</DATINI>
      <CODCESSAZIONE></CODCESSAZIONE>
      <VIARES>VIA G. GIULIANI</VIARES>
      <CAPRES>84069</CAPRES>
      <CODCOMUNE_RES>65106</CODCOMUNE_RES>
      <CODPROV_RISIEDE_IN>SA</CODPROV_RISIEDE_IN>
      <CODTUR>H4</CODTUR>
      <CODSEDE>SA</CODSEDE>
      <CODDTC>2001</CODDTC>
      <DATAASGN>18-GIU-19</DATAASGN>
      <DATA_CESSAZIONE></DATA_CESSAZIONE>
      <DATA_REINTEGRO></DATA_REINTEGRO>
      <CF_DATA_CESS></CF_DATA_CESS>
      <CF_NOMEQUALIFICA>CAPO SQUADRA</CF_NOMEQUALIFICA>
      <CF_DESDTC>Vallo Della Lucania</CF_DESDTC>
      <CF_INDIRIZZO>Indirizzo : VIA G. GIULIANI C.A.P. 84069 - ROCCADASPIDE</CF_INDIRIZZO>
      <CF_TELEFONO>Telefono : 0339/4277630</CF_TELEFONO>
      <CF_DT_ASSUNZIONE> Data Assunzione : 14/04/1997 Data inizio qualifica : 01/01/2018 Specializzazioni: ADD. SERVIZIO PREV. E PROT.,ATTR. IND. DI PROTEZIONE (DPI),NUCLEO BATTERIOLOGICO LIV. 2,OPERAT. CENTRALE OPERATIVA 115,SOSTANZE PERICOLOSE,POLIZIA GIUDIZIARIA,PREVENZIONE INCENDI,RADIOMETRIA E RADIOATTIVITA',OPERATORE BASE TAS (TAS1),PUNTELLAMENTI E COSTRUZIONI,AUTISTA DI 4^ GRADO,SAF 1A,TECNICHE PRIMO SOCCORSO</CF_DT_ASSUNZIONE>
    </G_CGNDIP>
    <G_CGNDIP>
      <NUMISCRUO>470</NUMISCRUO>
      <DATAINI_QUAL>01-GEN-19</DATAINI_QUAL>
      <DATSCACER>16-OTT-23</DATSCACER>
      <SESDIP>M</SESDIP>
      <DATA_ASSUNZIONE>29-DIC-97</DATA_ASSUNZIONE>
      <RUOLOQUAL>2</RUOLOQUAL>
      <DATCMBTUR>04-MAR-21</DATCMBTUR>
      <DESCCOMUNE>SALERNO</DESCCOMUNE>
      <CGNDIP>NOVI</CGNDIP>
      <NOMDIP>ANTONIO</NOMDIP>
      <CODQUALIFICA>506</CODQUALIFICA>
      <DATNASDIP>24-GEN-71</DATNASDIP>
      <CODCOMUNE_NAS>65116</CODCOMUNE_NAS>
      <MATDIP>1906296</MATDIP>
      <CODFISDIP>NVONTN71A24H703X</CODFISDIP>
      <GIPDIP_TYPE>DIPOPER</GIPDIP_TYPE>
      <CODTIPOPERS>2</CODTIPOPERS>
      <POSECONOMICA> </POSECONOMICA>
      <FASCIARETRIB>0</FASCIARETRIB>
      <DATINI>01-GEN-19</DATINI>
      <CODCESSAZIONE></CODCESSAZIONE>
      <VIARES>VIA G. LEOPARDI, 10</VIARES>
      <CAPRES>84016</CAPRES>
      <CODCOMUNE_RES>65088</CODCOMUNE_RES>
      <CODPROV_RISIEDE_IN>SA</CODPROV_RISIEDE_IN>
      <CODTUR>B2</CODTUR>
      <CODSEDE>SA</CODSEDE>
      <CODDTC>2007</CODDTC>
      <DATAASGN>21-DIC-20</DATAASGN>
      <DATA_CESSAZIONE></DATA_CESSAZIONE>
      <DATA_REINTEGRO></DATA_REINTEGRO>
      <CF_DATA_CESS></CF_DATA_CESS>
      <CF_NOMEQUALIFICA>CAPO SQUADRA</CF_NOMEQUALIFICA>
      <CF_DESDTC>Mercato San Severino</CF_DESDTC>
      <CF_INDIRIZZO>Indirizzo : VIA G. LEOPARDI, 10 C.A.P. 84016 - PAGANI</CF_INDIRIZZO>
      <CF_TELEFONO>Telefono : 331/5783919</CF_TELEFONO>
      <CF_DT_ASSUNZIONE> Data Assunzione : 29/12/1997 Data inizio qualifica : 01/01/2019 Specializzazioni: SAF FLUVIALE,OPERATORE BASE TAS (TAS1),PUNTELLAMENTI E COSTRUZIONI,URBAN SEARCH &amp; RESCUE LIGHT,AUTISTA DI 2^ GRADO,SAF 1B,TECNICHE PRIMO SOCCORSO</CF_DT_ASSUNZIONE>
    </G_CGNDIP>
    <G_CGNDIP>
      <NUMISCRUO>453</NUMISCRUO>
      <DATAINI_QUAL>01-GEN-19</DATAINI_QUAL>
      <DATSCACER>19-LUG-20</DATSCACER>
      <SESDIP>M</SESDIP>
      <DATA_ASSUNZIONE>07-LUG-97</DATA_ASSUNZIONE>
      <RUOLOQUAL>2</RUOLOQUAL>
      <DATCMBTUR>25-SET-20</DATCMBTUR>
      <DESCCOMUNE>SALERNO</DESCCOMUNE>
      <CGNDIP>MAROTTA</CGNDIP>
      <NOMDIP>MARCELLO</NOMDIP>
      <CODQUALIFICA>506</CODQUALIFICA>
      <DATNASDIP>19-OTT-71</DATNASDIP>
      <CODCOMUNE_NAS>65116</CODCOMUNE_NAS>
      <MATDIP>1907351</MATDIP>
      <CODFISDIP>MRTMCL71R19H703A</CODFISDIP>
      <GIPDIP_TYPE>DIPOPER</GIPDIP_TYPE>
      <CODTIPOPERS>2</CODTIPOPERS>
      <POSECONOMICA> </POSECONOMICA>
      <FASCIARETRIB>0</FASCIARETRIB>
      <DATINI>01-GEN-19</DATINI>
      <CODCESSAZIONE></CODCESSAZIONE>
      <VIARES>VIA MONS. VICINANZA N? 9</VIARES>
      <CAPRES>84091</CAPRES>
      <CODCOMUNE_RES>65014</CODCOMUNE_RES>
      <CODPROV_RISIEDE_IN>SA</CODPROV_RISIEDE_IN>
      <CODTUR>C1</CODTUR>
      <CODSEDE>SA</CODSEDE>
      <CODDTC>3501</CODDTC>
      <DATAASGN>15-SET-20</DATAASGN>
      <DATA_CESSAZIONE></DATA_CESSAZIONE>
      <DATA_REINTEGRO></DATA_REINTEGRO>
      <CF_DATA_CESS></CF_DATA_CESS>
      <CF_NOMEQUALIFICA>CAPO SQUADRA</CF_NOMEQUALIFICA>
      <CF_DESDTC>Giffoni Valle Piana</CF_DESDTC>
      <CF_INDIRIZZO>Indirizzo : VIA MONS. VICINANZA N? 9 C.A.P. 84091 - BATTIPAGLIA</CF_INDIRIZZO>
      <CF_TELEFONO>Telefono : 0828/671332</CF_TELEFONO>
      <CF_DT_ASSUNZIONE> Data Assunzione : 07/07/1997 Data inizio qualifica : 01/01/2019 Specializzazioni: MOVIMENTO TERRA,OPERATORE BASE TAS (TAS1),PUNTELLAMENTI E COSTRUZIONI,AUTISTA DI 4^ GRADO</CF_DT_ASSUNZIONE>
    </G_CGNDIP>
    <G_CGNDIP>
      <NUMISCRUO>00</NUMISCRUO>
      <DATAINI_QUAL>01-GEN-18</DATAINI_QUAL>
      <DATSCACER>29-LUG-20</DATSCACER>
      <SESDIP>M</SESDIP>
      <DATA_ASSUNZIONE>27-GEN-97</DATA_ASSUNZIONE>
      <RUOLOQUAL>2</RUOLOQUAL>
      <DATCMBTUR>19-MAG-20</DATCMBTUR>
      <DESCCOMUNE>SALERNO</DESCCOMUNE>
      <CGNDIP>GIANNATIEMPO</CGNDIP>
      <NOMDIP>ALFREDO</NOMDIP>
      <CODQUALIFICA>506</CODQUALIFICA>
      <DATNASDIP>24-GIU-67</DATNASDIP>
      <CODCOMUNE_NAS>65116</CODCOMUNE_NAS>
      <MATDIP>1901157</MATDIP>
      <CODFISDIP>GNNLRD67H24H703V</CODFISDIP>
      <GIPDIP_TYPE>DIPOPER</GIPDIP_TYPE>
      <CODTIPOPERS>2</CODTIPOPERS>
      <POSECONOMICA> </POSECONOMICA>
      <FASCIARETRIB>0</FASCIARETRIB>
      <DATINI>01-GEN-18</DATINI>
      <CODCESSAZIONE></CODCESSAZIONE>
      <VIARES>VIA ROCCO COCCHIA, 73</VIARES>
      <CAPRES>84100</CAPRES>
      <CODCOMUNE_RES>65116</CODCOMUNE_RES>
      <CODPROV_RISIEDE_IN>SA</CODPROV_RISIEDE_IN>
      <CODTUR>A5</CODTUR>
      <CODSEDE>SA</CODSEDE>
      <CODDTC>1000</CODDTC>
      <DATAASGN>17-GIU-19</DATAASGN>
      <DATA_CESSAZIONE></DATA_CESSAZIONE>
      <DATA_REINTEGRO></DATA_REINTEGRO>
      <CF_DATA_CESS></CF_DATA_CESS>
      <CF_NOMEQUALIFICA>CAPO SQUADRA</CF_NOMEQUALIFICA>
      <CF_DESDTC>Centrale</CF_DESDTC>
      <CF_INDIRIZZO>Indirizzo : VIA ROCCO COCCHIA, 73 C.A.P. 84100 - SALERNO</CF_INDIRIZZO>
      <CF_TELEFONO>Telefono : 089/334558</CF_TELEFONO>
      <CF_DT_ASSUNZIONE> Data Assunzione : 27/01/1997 Data inizio qualifica : 01/01/2018 Specializzazioni: PATENTE NAUTICA 1^ CAT.,MOVIMENTO TERRA,SOSTANZE PERICOLOSE,SAF FLUVIALE,CONDUTTORE MOTO D'ACQUA (PWC),OPERATORE BASE TAS (TAS1),PUNTELLAMENTI E COSTRUZIONI,URBAN SEARCH &amp; RESCUE LIGHT,AUTISTA DI 3^ GRADO,SAF 1A,SAF 1B,TECNICHE PRIMO SOCCORSO,AUTOPROT. AMBIENTE ACQUATICO</CF_DT_ASSUNZIONE>
    </G_CGNDIP>
    <G_CGNDIP>
      <NUMISCRUO>00</NUMISCRUO>
      <DATAINI_QUAL>01-GEN-18</DATAINI_QUAL>
      <DATSCACER>09-AGO-20</DATSCACER>
      <SESDIP>M</SESDIP>
      <DATA_ASSUNZIONE>07-LUG-97</DATA_ASSUNZIONE>
      <RUOLOQUAL>2</RUOLOQUAL>
      <DATCMBTUR>04-LUG-21</DATCMBTUR>
      <DESCCOMUNE>SALERNO</DESCCOMUNE>
      <CGNDIP>FILODORO</CGNDIP>
      <NOMDIP>FAUSTO</NOMDIP>
      <CODQUALIFICA>506</CODQUALIFICA>
      <DATNASDIP>15-MAG-72</DATNASDIP>
      <CODCOMUNE_NAS>65116</CODCOMUNE_NAS>
      <MATDIP>1903035</MATDIP>
      <CODFISDIP>FLDFST72E15H703K</CODFISDIP>
      <GIPDIP_TYPE>DIPOPER</GIPDIP_TYPE>
      <CODTIPOPERS>2</CODTIPOPERS>
      <POSECONOMICA> </POSECONOMICA>
      <FASCIARETRIB>0</FASCIARETRIB>
      <DATINI>01-GEN-18</DATINI>
      <CODCESSAZIONE></CODCESSAZIONE>
      <VIARES>VIA SANDRO PERTINI 7</VIARES>
      <CAPRES>84098</CAPRES>
      <CODCOMUNE_RES>65099</CODCOMUNE_RES>
      <CODPROV_RISIEDE_IN>SA</CODPROV_RISIEDE_IN>
      <CODTUR>D7</CODTUR>
      <CODSEDE>SA</CODSEDE>
      <CODDTC>1000</CODDTC>
      <DATAASGN>17-GIU-19</DATAASGN>
      <DATA_CESSAZIONE></DATA_CESSAZIONE>
      <DATA_REINTEGRO></DATA_REINTEGRO>
      <CF_DATA_CESS></CF_DATA_CESS>
      <CF_NOMEQUALIFICA>CAPO SQUADRA</CF_NOMEQUALIFICA>
      <CF_DESDTC>Centrale</CF_DESDTC>
      <CF_INDIRIZZO>Indirizzo : VIA SANDRO PERTINI 7 C.A.P. 84098 - PONTECAGNANO FAIANO</CF_INDIRIZZO>
      <CF_TELEFONO>Nessun numero in archivio</CF_TELEFONO>
      <CF_DT_ASSUNZIONE> Data Assunzione : 07/07/1997 Data inizio qualifica : 01/01/2018 Specializzazioni: CORSO AEROPORTUALE,PATENTE NAUTICA 1^ CAT.,MOVIMENTO TERRA,NUCLEO BATTERIOLOGICO LIV. 2,OPERAT. CENTRALE OPERATIVA 115,OPERATORE BASE TAS (TAS1),PUNTELLAMENTI E COSTRUZIONI,URBAN SEARCH &amp; RESCUE LIGHT,AUTISTA DI 2^ GRADO,SAF 1A,SAF 1B,TECNICHE PRIMO SOCCORSO,AUTOPROT. AMBIENTE ACQUATICO,GUIDA SU TERRENO NON PREPARATO</CF_DT_ASSUNZIONE>
    </G_CGNDIP>
    <G_CGNDIP>
      <NUMISCRUO>00</NUMISCRUO>
      <DATAINI_QUAL>01-GEN-18</DATAINI_QUAL>
      <DATSCACER>12-AGO-23</DATSCACER>
      <SESDIP>M</SESDIP>
      <DATA_ASSUNZIONE>20-OTT-97</DATA_ASSUNZIONE>
      <RUOLOQUAL>2</RUOLOQUAL>
      <DATCMBTUR>07-OTT-20</DATCMBTUR>
      <DESCCOMUNE>SALERNO</DESCCOMUNE>
      <CGNDIP>PAPPALARDO</CGNDIP>
      <NOMDIP>ROBERTO</NOMDIP>
      <CODQUALIFICA>506</CODQUALIFICA>
      <DATNASDIP>27-LUG-68</DATNASDIP>
      <CODCOMUNE_NAS>65116</CODCOMUNE_NAS>
      <MATDIP>1904285</MATDIP>
      <CODFISDIP>PPPRRT68L27H703M</CODFISDIP>
      <GIPDIP_TYPE>DIPOPER</GIPDIP_TYPE>
      <CODTIPOPERS>2</CODTIPOPERS>
      <POSECONOMICA> </POSECONOMICA>
      <FASCIARETRIB>0</FASCIARETRIB>
      <DATINI>01-GEN-18</DATINI>
      <CODCESSAZIONE></CODCESSAZIONE>
      <VIARES>VIA PIEGOLELLE N. 4</VIARES>
      <CAPRES>84133</CAPRES>
      <CODCOMUNE_RES>65116</CODCOMUNE_RES>
      <CODPROV_RISIEDE_IN>SA</CODPROV_RISIEDE_IN>
      <CODTUR>C6</CODTUR>
      <CODSEDE>SA</CODSEDE>
      <CODDTC>4000</CODDTC>
      <DATAASGN>06-LUG-20</DATAASGN>
      <DATA_CESSAZIONE></DATA_CESSAZIONE>
      <DATA_REINTEGRO></DATA_REINTEGRO>
      <CF_DATA_CESS></CF_DATA_CESS>
      <CF_NOMEQUALIFICA>CAPO SQUADRA</CF_NOMEQUALIFICA>
      <CF_DESDTC>Agropoli</CF_DESDTC>
      <CF_INDIRIZZO>Indirizzo : VIA PIEGOLELLE N. 4 C.A.P. 84133 - SALERNO</CF_INDIRIZZO>
      <CF_TELEFONO>Telefono :  - 331/5784189</CF_TELEFONO>
      <CF_DT_ASSUNZIONE> Data Assunzione : 20/10/1997 Data inizio qualifica : 01/01/2018 Specializzazioni: OPERATORE BASE TAS (TAS1),PUNTELLAMENTI E COSTRUZIONI,URBAN SEARCH &amp; RESCUE LIGHT,AUTISTA DI 1^ GRADO</CF_DT_ASSUNZIONE>
    </G_CGNDIP>
    <G_CGNDIP>
      <NUMISCRUO>00</NUMISCRUO>
      <DATAINI_QUAL>01-GEN-18</DATAINI_QUAL>
      <DATSCACER>11-MAR-23</DATSCACER>
      <SESDIP>M</SESDIP>
      <DATA_ASSUNZIONE>07-LUG-97</DATA_ASSUNZIONE>
      <RUOLOQUAL>2</RUOLOQUAL>
      <DATCMBTUR>08-OTT-20</DATCMBTUR>
      <DESCCOMUNE>SALERNO</DESCCOMUNE>
      <CGNDIP>LEONE</CGNDIP>
      <NOMDIP>FRANCESCO</NOMDIP>
      <CODQUALIFICA>506</CODQUALIFICA>
      <DATNASDIP>07-GIU-67</DATNASDIP>
      <CODCOMUNE_NAS>65116</CODCOMUNE_NAS>
      <MATDIP>1903149</MATDIP>
      <CODFISDIP>LNEFNC67H07H703K</CODFISDIP>
      <GIPDIP_TYPE>DIPOPER</GIPDIP_TYPE>
      <CODTIPOPERS>2</CODTIPOPERS>
      <POSECONOMICA> </POSECONOMICA>
      <FASCIARETRIB>0</FASCIARETRIB>
      <DATINI>01-GEN-18</DATINI>
      <CODCESSAZIONE></CODCESSAZIONE>
      <VIARES>VIA VITTORIO VENETO N? 184B</VIARES>
      <CAPRES>84013</CAPRES>
      <CODCOMUNE_RES>65037</CODCOMUNE_RES>
      <CODPROV_RISIEDE_IN>SA</CODPROV_RISIEDE_IN>
      <CODTUR>C3</CODTUR>
      <CODSEDE>SA</CODSEDE>
      <CODDTC>4000</CODDTC>
      <DATAASGN>06-LUG-20</DATAASGN>
      <DATA_CESSAZIONE></DATA_CESSAZIONE>
      <DATA_REINTEGRO></DATA_REINTEGRO>
      <CF_DATA_CESS></CF_DATA_CESS>
      <CF_NOMEQUALIFICA>CAPO SQUADRA</CF_NOMEQUALIFICA>
      <CF_DESDTC>Agropoli</CF_DESDTC>
      <CF_INDIRIZZO>Indirizzo : VIA VITTORIO VENETO N? 184B C.A.P. 84013 - CAVA DE' TIRRENI</CF_INDIRIZZO>
      <CF_TELEFONO>Telefono : 089/445192</CF_TELEFONO>
      <CF_DT_ASSUNZIONE> Data Assunzione : 07/07/1997 Data inizio qualifica : 01/01/2018 Specializzazioni: PATENTE NAUTICA 1^ CAT.,SOCCORSO ACQUATICO,SOSTANZE PERICOLOSE,PREVENZIONE INCENDI,SAF FLUVIALE,CONDUTTORE MOTO D'ACQUA (PWC),OPERATORE BASE TAS (TAS1),PUNTELLAMENTI E COSTRUZIONI,URBAN SEARCH &amp; RESCUE LIGHT,AUTISTA DI 3^ GRADO,SAF 1A,TECNICHE PRIMO SOCCORSO,AUTOPROT. AMBIENTE ACQUATICO</CF_DT_ASSUNZIONE>
    </G_CGNDIP>
    <G_CGNDIP>
      <NUMISCRUO>00</NUMISCRUO>
      <DATAINI_QUAL>01-GEN-18</DATAINI_QUAL>
      <DATSCACER>20-GEN-23</DATSCACER>
      <SESDIP>M</SESDIP>
      <DATA_ASSUNZIONE>14-APR-97</DATA_ASSUNZIONE>
      <RUOLOQUAL>2</RUOLOQUAL>
      <DATCMBTUR>09-MAR-20</DATCMBTUR>
      <DESCCOMUNE>SALERNO</DESCCOMUNE>
      <CGNDIP>DE CONCILIO</CGNDIP>
      <NOMDIP>VITTORIO</NOMDIP>
      <CODQUALIFICA>506</CODQUALIFICA>
      <DATNASDIP>21-GIU-68</DATNASDIP>
      <CODCOMUNE_NAS>65116</CODCOMUNE_NAS>
      <MATDIP>1902232</MATDIP>
      <CODFISDIP>DCNVTR68H21H703Y</CODFISDIP>
      <GIPDIP_TYPE>DIPOPER</GIPDIP_TYPE>
      <CODTIPOPERS>2</CODTIPOPERS>
      <POSECONOMICA> </POSECONOMICA>
      <FASCIARETRIB>0</FASCIARETRIB>
      <DATINI>01-GEN-18</DATINI>
      <CODCESSAZIONE></CODCESSAZIONE>
      <VIARES>VIA GIOSUE DI GIACOMO, 8</VIARES>
      <CAPRES>84133</CAPRES>
      <CODCOMUNE_RES>65116</CODCOMUNE_RES>
      <CODPROV_RISIEDE_IN>SA</CODPROV_RISIEDE_IN>
      <CODTUR>G4</CODTUR>
      <CODSEDE>SA</CODSEDE>
      <CODDTC>1000</CODDTC>
      <DATAASGN>05-OTT-17</DATAASGN>
      <DATA_CESSAZIONE></DATA_CESSAZIONE>
      <DATA_REINTEGRO></DATA_REINTEGRO>
      <CF_DATA_CESS></CF_DATA_CESS>
      <CF_NOMEQUALIFICA>CAPO SQUADRA</CF_NOMEQUALIFICA>
      <CF_DESDTC>Centrale</CF_DESDTC>
      <CF_INDIRIZZO>Indirizzo : VIA GIOSUE DI GIACOMO, 8 C.A.P. 84133 - SALERNO</CF_INDIRIZZO>
      <CF_TELEFONO>Telefono : 089/406304</CF_TELEFONO>
      <CF_DT_ASSUNZIONE> Data Assunzione : 14/04/1997 Data inizio qualifica : 01/01/2018 Specializzazioni: MOVIMENTO TERRA,SOSTANZE PERICOLOSE,POLIZIA GIUDIZIARIA,PREVENZIONE INCENDI,RADIOMETRIA E RADIOATTIVITA',OPERATORE BASE TAS (TAS1),PUNTELLAMENTI E COSTRUZIONI,URBAN SEARCH &amp; RESCUE LIGHT,AUTISTA DI 3^ GRADO,SAF 1A,TECNICHE PRIMO SOCCORSO,AUTOPROT. AMBIENTE ACQUATICO</CF_DT_ASSUNZIONE>
    </G_CGNDIP>
    <G_CGNDIP>
      <NUMISCRUO>00</NUMISCRUO>
      <DATAINI_QUAL>01-GEN-18</DATAINI_QUAL>
      <DATSCACER>05-AGO-20</DATSCACER>
      <SESDIP>M</SESDIP>
      <DATA_ASSUNZIONE>07-LUG-97</DATA_ASSUNZIONE>
      <RUOLOQUAL>2</RUOLOQUAL>
      <DATCMBTUR>03-AGO-20</DATCMBTUR>
      <DESCCOMUNE>SALERNO</DESCCOMUNE>
      <CGNDIP>VITOLO</CGNDIP>
      <NOMDIP>GIANPAOLO</NOMDIP>
      <CODQUALIFICA>506</CODQUALIFICA>
      <DATNASDIP>30-NOV-69</DATNASDIP>
      <CODCOMUNE_NAS>65116</CODCOMUNE_NAS>
      <MATDIP>1903515</MATDIP>
      <CODFISDIP>VTLGPL69S30H703U</CODFISDIP>
      <GIPDIP_TYPE>DIPOPER</GIPDIP_TYPE>
      <CODTIPOPERS>2</CODTIPOPERS>
      <POSECONOMICA> </POSECONOMICA>
      <FASCIARETRIB>0</FASCIARETRIB>
      <DATINI>01-GEN-18</DATINI>
      <CODCESSAZIONE></CODCESSAZIONE>
      <VIARES>VIA TUSCIANO N?9</VIARES>
      <CAPRES>84132</CAPRES>
      <CODCOMUNE_RES>65116</CODCOMUNE_RES>
      <CODPROV_RISIEDE_IN>SA</CODPROV_RISIEDE_IN>
      <CODTUR>G5</CODTUR>
      <CODSEDE>SA</CODSEDE>
      <CODDTC>1000</CODDTC>
      <DATAASGN>17-GIU-19</DATAASGN>
      <DATA_CESSAZIONE></DATA_CESSAZIONE>
      <DATA_REINTEGRO></DATA_REINTEGRO>
      <CF_DATA_CESS></CF_DATA_CESS>
      <CF_NOMEQUALIFICA>CAPO SQUADRA</CF_NOMEQUALIFICA>
      <CF_DESDTC>Centrale</CF_DESDTC>
      <CF_INDIRIZZO>Indirizzo : VIA TUSCIANO N?9 C.A.P. 84132 - SALERNO</CF_INDIRIZZO>
      <CF_TELEFONO>Telefono : 089/332809</CF_TELEFONO>
      <CF_DT_ASSUNZIONE> Data Assunzione : 07/07/1997 Data inizio qualifica : 01/01/2018 Specializzazioni: PATENTE NAUTICA 1^ CAT.,NUCLEO BATTERIOLOGICO LIV. 2,SALVAMENTO A NUOTO,SOSTANZE PERICOLOSE,POLIZIA GIUDIZIARIA,PREVENZIONE INCENDI,CONDUTTORE MOTO D'ACQUA (PWC),OPERATORE BASE TAS (TAS1),PUNTELLAMENTI E COSTRUZIONI,URBAN SEARCH &amp; RESCUE LIGHT,AUTISTA DI 1^ GRADO,SAF 1A,TECNICHE PRIMO SOCCORSO,AUTOPROT. AMBIENTE ACQUATICO</CF_DT_ASSUNZIONE>
    </G_CGNDIP>
    <G_CGNDIP>
      <NUMISCRUO>00</NUMISCRUO>
      <DATAINI_QUAL>01-GEN-18</DATAINI_QUAL>
      <DATSCACER>09-OTT-23</DATSCACER>
      <SESDIP>M</SESDIP>
      <DATA_ASSUNZIONE>21-OTT-96</DATA_ASSUNZIONE>
      <RUOLOQUAL>2</RUOLOQUAL>
      <DATCMBTUR>19-MAG-20</DATCMBTUR>
      <DESCCOMUNE>SALERNO</DESCCOMUNE>
      <CGNDIP>VITOLO</CGNDIP>
      <NOMDIP>GUERINO</NOMDIP>
      <CODQUALIFICA>506</CODQUALIFICA>
      <DATNASDIP>28-MAR-73</DATNASDIP>
      <CODCOMUNE_NAS>65116</CODCOMUNE_NAS>
      <MATDIP>1900568</MATDIP>
      <CODFISDIP>VTLGRN73C28H703H</CODFISDIP>
      <GIPDIP_TYPE>DIPOPER</GIPDIP_TYPE>
      <CODTIPOPERS>2</CODTIPOPERS>
      <POSECONOMICA> </POSECONOMICA>
      <FASCIARETRIB>0</FASCIARETRIB>
      <DATINI>01-GEN-18</DATINI>
      <CODCESSAZIONE></CODCESSAZIONE>
      <VIARES>VIA ANTONIO AMATO 59</VIARES>
      <CAPRES>84099</CAPRES>
      <CODCOMUNE_RES>65118</CODCOMUNE_RES>
      <CODPROV_RISIEDE_IN>SA</CODPROV_RISIEDE_IN>
      <CODTUR>A5</CODTUR>
      <CODSEDE>SA</CODSEDE>
      <CODDTC>3501</CODDTC>
      <DATAASGN>17-GIU-19</DATAASGN>
      <DATA_CESSAZIONE></DATA_CESSAZIONE>
      <DATA_REINTEGRO></DATA_REINTEGRO>
      <CF_DATA_CESS></CF_DATA_CESS>
      <CF_NOMEQUALIFICA>CAPO SQUADRA</CF_NOMEQUALIFICA>
      <CF_DESDTC>Giffoni Valle Piana</CF_DESDTC>
      <CF_INDIRIZZO>Indirizzo : VIA ANTONIO AMATO 59 C.A.P. 84099 - SAN CIPRIANO PICENTINO</CF_INDIRIZZO>
      <CF_TELEFONO>Nessun numero in archivio</CF_TELEFONO>
      <CF_DT_ASSUNZIONE> Data Assunzione : 21/10/1996 Data inizio qualifica : 01/01/2018 Specializzazioni: ANTINCENDIO NAVALE,PATENTE NAUTICA 1^ CAT.,SOCCORSO ACQUATICO,POLIZIA GIUDIZIARIA,PREVENZIONE INCENDI,SAF FLUVIALE,CONDUTTORE MOTO D'ACQUA (PWC),OPERATORE BASE TAS (TAS1),ISTRUTTORE T.P.S.S.,ISTRUTTORE ATP,AUTISTA DI 2^ GRADO,SAF 1A,SAF 1B,SAF 2A,TECNICHE PRIMO SOCCORSO,AUTOPROT. AMBIENTE ACQUATICO</CF_DT_ASSUNZIONE>
    </G_CGNDIP>
    <G_CGNDIP>
      <NUMISCRUO>00</NUMISCRUO>
      <DATAINI_QUAL>01-GEN-18</DATAINI_QUAL>
      <DATSCACER>08-LUG-20</DATSCACER>
      <SESDIP>M</SESDIP>
      <DATA_ASSUNZIONE>14-APR-97</DATA_ASSUNZIONE>
      <RUOLOQUAL>2</RUOLOQUAL>
      <DATCMBTUR>04-LUG-21</DATCMBTUR>
      <DESCCOMUNE>SALERNO</DESCCOMUNE>
      <CGNDIP>GORRASI</CGNDIP>
      <NOMDIP>DONATO</NOMDIP>
      <CODQUALIFICA>506</CODQUALIFICA>
      <DATNASDIP>06-LUG-67</DATNASDIP>
      <CODCOMUNE_NAS>65116</CODCOMUNE_NAS>
      <MATDIP>1902352</MATDIP>
      <CODFISDIP>GRRDNT67L06H703Y</CODFISDIP>
      <GIPDIP_TYPE>DIPOPER</GIPDIP_TYPE>
      <CODTIPOPERS>2</CODTIPOPERS>
      <POSECONOMICA> </POSECONOMICA>
      <FASCIARETRIB>0</FASCIARETRIB>
      <DATINI>01-GEN-18</DATINI>
      <CODCESSAZIONE></CODCESSAZIONE>
      <VIARES>VIA SERRA N?112</VIARES>
      <CAPRES>84069</CAPRES>
      <CODCOMUNE_RES>65106</CODCOMUNE_RES>
      <CODPROV_RISIEDE_IN>SA</CODPROV_RISIEDE_IN>
      <CODTUR>D3</CODTUR>
      <CODSEDE>SA</CODSEDE>
      <CODDTC>1000</CODDTC>
      <DATAASGN>24-NOV-16</DATAASGN>
      <DATA_CESSAZIONE></DATA_CESSAZIONE>
      <DATA_REINTEGRO></DATA_REINTEGRO>
      <CF_DATA_CESS></CF_DATA_CESS>
      <CF_NOMEQUALIFICA>CAPO SQUADRA</CF_NOMEQUALIFICA>
      <CF_DESDTC>Centrale</CF_DESDTC>
      <CF_INDIRIZZO>Indirizzo : VIA SERRA N?112 C.A.P. 84069 - ROCCADASPIDE</CF_INDIRIZZO>
      <CF_TELEFONO>Telefono : 0828/742218</CF_TELEFONO>
      <CF_DT_ASSUNZIONE> Data Assunzione : 14/04/1997 Data inizio qualifica : 01/01/2018 Specializzazioni: ATTR. IND. DI PROTEZIONE (DPI),NUCLEO BATTERIOLOGICO LIV. 2,OPERAT. CENTRALE OPERATIVA 115,SOSTANZE PERICOLOSE,PREVENZIONE INCENDI,OPERATORE BASE TAS (TAS1),PUNTELLAMENTI E COSTRUZIONI,AUTISTA DI 1^ GRADO,AUTISTA DI 2^ GRADO,SAF 1A,TECNICHE PRIMO SOCCORSO,AUTOPROT. AMBIENTE ACQUATICO</CF_DT_ASSUNZIONE>
    </G_CGNDIP>
    <G_CGNDIP>
      <NUMISCRUO>00</NUMISCRUO>
      <DATAINI_QUAL>01-GEN-18</DATAINI_QUAL>
      <DATSCACER>18-MAR-23</DATSCACER>
      <SESDIP>M</SESDIP>
      <DATA_ASSUNZIONE>20-OTT-97</DATA_ASSUNZIONE>
      <RUOLOQUAL>2</RUOLOQUAL>
      <DATCMBTUR>20-LUG-20</DATCMBTUR>
      <DESCCOMUNE>SALERNO</DESCCOMUNE>
      <CGNDIP>QUARANTA</CGNDIP>
      <NOMDIP>SANTINO</NOMDIP>
      <CODQUALIFICA>506</CODQUALIFICA>
      <DATNASDIP>15-MAR-74</DATNASDIP>
      <CODCOMUNE_NAS>65116</CODCOMUNE_NAS>
      <MATDIP>1904329</MATDIP>
      <CODFISDIP>QRNSTN74C15H703D</CODFISDIP>
      <GIPDIP_TYPE>DIPOPER</GIPDIP_TYPE>
      <CODTIPOPERS>2</CODTIPOPERS>
      <POSECONOMICA> </POSECONOMICA>
      <FASCIARETRIB>0</FASCIARETRIB>
      <DATINI>01-GEN-18</DATINI>
      <CODCESSAZIONE></CODCESSAZIONE>
      <VIARES>TRAVERSA DEI GRECI N?8</VIARES>
      <CAPRES>84135</CAPRES>
      <CODCOMUNE_RES>65116</CODCOMUNE_RES>
      <CODPROV_RISIEDE_IN>SA</CODPROV_RISIEDE_IN>
      <CODTUR>M1</CODTUR>
      <CODSEDE>SA</CODSEDE>
      <CODDTC>1000</CODDTC>
      <DATAASGN>12-LUG-14</DATAASGN>
      <DATA_CESSAZIONE></DATA_CESSAZIONE>
      <DATA_REINTEGRO></DATA_REINTEGRO>
      <CF_DATA_CESS></CF_DATA_CESS>
      <CF_NOMEQUALIFICA>CAPO SQUADRA</CF_NOMEQUALIFICA>
      <CF_DESDTC>Centrale</CF_DESDTC>
      <CF_INDIRIZZO>Indirizzo : TRAVERSA DEI GRECI N?8 C.A.P. 84135 - SALERNO</CF_INDIRIZZO>
      <CF_TELEFONO>Telefono : 089/481561</CF_TELEFONO>
      <CF_DT_ASSUNZIONE> Data Assunzione : 20/10/1997 Data inizio qualifica : 01/01/2018 Specializzazioni: NUCLEO BATTERIOLOGICO LIV. 2,OPERAT. CENTRALE OPERATIVA 115,OPERATORE BASE TAS (TAS1),OPERATORE AVANZATO TAS (TAS2),AUTISTA DI 1^ GRADO</CF_DT_ASSUNZIONE>
    </G_CGNDIP>
    <G_CGNDIP>
      <NUMISCRUO>00</NUMISCRUO>
      <DATAINI_QUAL>01-GEN-18</DATAINI_QUAL>
      <DATSCACER>26-AGO-20</DATSCACER>
      <SESDIP>M</SESDIP>
      <DATA_ASSUNZIONE>22-LUG-96</DATA_ASSUNZIONE>
      <RUOLOQUAL>2</RUOLOQUAL>
      <DATCMBTUR>28-SET-19</DATCMBTUR>
      <DESCCOMUNE>SALERNO</DESCCOMUNE>
      <CGNDIP>PEPE</CGNDIP>
      <NOMDIP>MASSIMO</NOMDIP>
      <CODQUALIFICA>506</CODQUALIFICA>
      <DATNASDIP>29-MAG-69</DATNASDIP>
      <CODCOMUNE_NAS>65116</CODCOMUNE_NAS>
      <MATDIP>0807264</MATDIP>
      <CODFISDIP>PPEMSM69E29H703U</CODFISDIP>
      <GIPDIP_TYPE>DIPOPER</GIPDIP_TYPE>
      <CODTIPOPERS>2</CODTIPOPERS>
      <POSECONOMICA> </POSECONOMICA>
      <FASCIARETRIB>0</FASCIARETRIB>
      <DATINI>01-GEN-18</DATINI>
      <CODCESSAZIONE></CODCESSAZIONE>
      <VIARES>VIA SANTA CHIARA, SNC</VIARES>
      <CAPRES>84040</CAPRES>
      <CODCOMUNE_RES>65032</CODCOMUNE_RES>
      <CODPROV_RISIEDE_IN>SA</CODPROV_RISIEDE_IN>
      <CODTUR>H7</CODTUR>
      <CODSEDE>SA</CODSEDE>
      <CODDTC>2001</CODDTC>
      <DATAASGN>17-GIU-19</DATAASGN>
      <DATA_CESSAZIONE></DATA_CESSAZIONE>
      <DATA_REINTEGRO></DATA_REINTEGRO>
      <CF_DATA_CESS></CF_DATA_CESS>
      <CF_NOMEQUALIFICA>CAPO SQUADRA</CF_NOMEQUALIFICA>
      <CF_DESDTC>Vallo Della Lucania</CF_DESDTC>
      <CF_INDIRIZZO>Indirizzo : VIA SANTA CHIARA, SNC C.A.P. 84040 - CASTELNUOVO CILENTO</CF_INDIRIZZO>
      <CF_TELEFONO>Telefono : 089/406379</CF_TELEFONO>
      <CF_DT_ASSUNZIONE> Data Assunzione : 22/07/1996 Data inizio qualifica : 01/01/2018 Specializzazioni: NUCLEO BATTERIOLOGICO LIV. 2,SOSTANZE PERICOLOSE,POLIZIA GIUDIZIARIA,PREVENZIONE INCENDI,OPERATORE BASE TAS (TAS1),PUNTELLAMENTI E COSTRUZIONI,URBAN SEARCH &amp; RESCUE LIGHT,AUTISTA DI 1^ GRADO,SAF 1A,TECNICHE PRIMO SOCCORSO,AUTOPROT. AMBIENTE ACQUATICO</CF_DT_ASSUNZIONE>
    </G_CGNDIP>
    <G_CGNDIP>
      <NUMISCRUO>00</NUMISCRUO>
      <DATAINI_QUAL>01-GEN-18</DATAINI_QUAL>
      <DATSCACER>23-SET-20</DATSCACER>
      <SESDIP>M</SESDIP>
      <DATA_ASSUNZIONE>21-OTT-96</DATA_ASSUNZIONE>
      <RUOLOQUAL>2</RUOLOQUAL>
      <DATCMBTUR>26-OTT-20</DATCMBTUR>
      <DESCCOMUNE>SALERNO</DESCCOMUNE>
      <CGNDIP>NAPOLI</CGNDIP>
      <NOMDIP>ROCCO</NOMDIP>
      <CODQUALIFICA>506</CODQUALIFICA>
      <DATNASDIP>26-GIU-66</DATNASDIP>
      <CODCOMUNE_NAS>65116</CODCOMUNE_NAS>
      <MATDIP>1900346</MATDIP>
      <CODFISDIP>NPLRCC66H26H703T</CODFISDIP>
      <GIPDIP_TYPE>DIPOPER</GIPDIP_TYPE>
      <CODTIPOPERS>2</CODTIPOPERS>
      <POSECONOMICA> </POSECONOMICA>
      <FASCIARETRIB>0</FASCIARETRIB>
      <DATINI>01-GEN-18</DATINI>
      <CODCESSAZIONE></CODCESSAZIONE>
      <VIARES>VIA MADONNA DI FATIMA, 98</VIARES>
      <CAPRES>84129</CAPRES>
      <CODCOMUNE_RES>65116</CODCOMUNE_RES>
      <CODPROV_RISIEDE_IN>SA</CODPROV_RISIEDE_IN>
      <CODTUR>G5</CODTUR>
      <CODSEDE>SA</CODSEDE>
      <CODDTC>1000</CODDTC>
      <DATAASGN>01-FEB-07</DATAASGN>
      <DATA_CESSAZIONE></DATA_CESSAZIONE>
      <DATA_REINTEGRO></DATA_REINTEGRO>
      <CF_DATA_CESS></CF_DATA_CESS>
      <CF_NOMEQUALIFICA>CAPO SQUADRA</CF_NOMEQUALIFICA>
      <CF_DESDTC>Centrale</CF_DESDTC>
      <CF_INDIRIZZO>Indirizzo : VIA MADONNA DI FATIMA, 98 C.A.P. 84129 - SALERNO</CF_INDIRIZZO>
      <CF_TELEFONO>Telefono : 089/272046</CF_TELEFONO>
      <CF_DT_ASSUNZIONE> Data Assunzione : 21/10/1996 Data inizio qualifica : 01/01/2018 Specializzazioni: NUCLEO BATTERIOLOGICO LIV. 2,AUTISTA DI 1^ GRADO</CF_DT_ASSUNZIONE>
    </G_CGNDIP>
    <G_CGNDIP>
      <NUMISCRUO>00</NUMISCRUO>
      <DATAINI_QUAL>01-GEN-18</DATAINI_QUAL>
      <DATSCACER>29-LUG-20</DATSCACER>
      <SESDIP>M</SESDIP>
      <DATA_ASSUNZIONE>20-AGO-92</DATA_ASSUNZIONE>
      <RUOLOQUAL>2</RUOLOQUAL>
      <DATCMBTUR>30-MAG-19</DATCMBTUR>
      <DESCCOMUNE>SALERNO</DESCCOMUNE>
      <CGNDIP>BARRA</CGNDIP>
      <NOMDIP>ERNESTO</NOMDIP>
      <CODQUALIFICA>506</CODQUALIFICA>
      <DATNASDIP>18-LUG-65</DATNASDIP>
      <CODCOMUNE_NAS>65116</CODCOMUNE_NAS>
      <MATDIP>1483328</MATDIP>
      <CODFISDIP>BRRRST65L18H703S</CODFISDIP>
      <GIPDIP_TYPE>DIPOPER</GIPDIP_TYPE>
      <CODTIPOPERS>2</CODTIPOPERS>
      <POSECONOMICA> </POSECONOMICA>
      <FASCIARETRIB>0</FASCIARETRIB>
      <DATINI>01-GEN-18</DATINI>
      <CODCESSAZIONE></CODCESSAZIONE>
      <VIARES>VIA TUFARIELLO 16</VIARES>
      <CAPRES>84091</CAPRES>
      <CODCOMUNE_RES>65014</CODCOMUNE_RES>
      <CODPROV_RISIEDE_IN>SA</CODPROV_RISIEDE_IN>
      <CODTUR>M1</CODTUR>
      <CODSEDE>SA</CODSEDE>
      <CODDTC>1000</CODDTC>
      <DATAASGN>20-AGO-07</DATAASGN>
      <DATA_CESSAZIONE></DATA_CESSAZIONE>
      <DATA_REINTEGRO></DATA_REINTEGRO>
      <CF_DATA_CESS></CF_DATA_CESS>
      <CF_NOMEQUALIFICA>CAPO SQUADRA</CF_NOMEQUALIFICA>
      <CF_DESDTC>Centrale</CF_DESDTC>
      <CF_INDIRIZZO>Indirizzo : VIA TUFARIELLO 16 C.A.P. 84091 - BATTIPAGLIA</CF_INDIRIZZO>
      <CF_TELEFONO>Telefono : 338/1843920</CF_TELEFONO>
      <CF_DT_ASSUNZIONE> Data Assunzione : 20/08/1992 Data inizio qualifica : 01/01/2018 Specializzazioni: ATTR. IND. DI PROTEZIONE (DPI),SOSTANZE PERICOLOSE,POLIZIA GIUDIZIARIA,PREVENZIONE INCENDI,AUTISTA DI 4^ GRADO,SAF 1A</CF_DT_ASSUNZIONE>
    </G_CGNDIP>
    <G_CGNDIP>
      <NUMISCRUO>00</NUMISCRUO>
      <DATAINI_QUAL>01-GEN-18</DATAINI_QUAL>
      <DATSCACER>03-GEN-23</DATSCACER>
      <SESDIP>M</SESDIP>
      <DATA_ASSUNZIONE>21-OTT-96</DATA_ASSUNZIONE>
      <RUOLOQUAL>2</RUOLOQUAL>
      <DATCMBTUR>19-MAG-20</DATCMBTUR>
      <DESCCOMUNE>SALERNO</DESCCOMUNE>
      <CGNDIP>DE CHIARA</CGNDIP>
      <NOMDIP>GIUSEPPE</NOMDIP>
      <CODQUALIFICA>506</CODQUALIFICA>
      <DATNASDIP>07-APR-68</DATNASDIP>
      <CODCOMUNE_NAS>65116</CODCOMUNE_NAS>
      <MATDIP>1900075</MATDIP>
      <CODFISDIP>DCHGPP68D07H703Y</CODFISDIP>
      <GIPDIP_TYPE>DIPOPER</GIPDIP_TYPE>
      <CODTIPOPERS>2</CODTIPOPERS>
      <POSECONOMICA> </POSECONOMICA>
      <FASCIARETRIB>0</FASCIARETRIB>
      <DATINI>01-GEN-18</DATINI>
      <CODCESSAZIONE></CODCESSAZIONE>
      <VIARES>VIA SALITA SAN GIOVANNI N 21</VIARES>
      <CAPRES>84135</CAPRES>
      <CODCOMUNE_RES>65116</CODCOMUNE_RES>
      <CODPROV_RISIEDE_IN>SA</CODPROV_RISIEDE_IN>
      <CODTUR>A1</CODTUR>
      <CODSEDE>SA</CODSEDE>
      <CODDTC>3501</CODDTC>
      <DATAASGN>17-GIU-19</DATAASGN>
      <DATA_CESSAZIONE></DATA_CESSAZIONE>
      <DATA_REINTEGRO></DATA_REINTEGRO>
      <CF_DATA_CESS></CF_DATA_CESS>
      <CF_NOMEQUALIFICA>CAPO SQUADRA</CF_NOMEQUALIFICA>
      <CF_DESDTC>Giffoni Valle Piana</CF_DESDTC>
      <CF_INDIRIZZO>Indirizzo : VIA SALITA SAN GIOVANNI N 21 C.A.P. 84135 - SALERNO</CF_INDIRIZZO>
      <CF_TELEFONO>Telefono : 331/5784231</CF_TELEFONO>
      <CF_DT_ASSUNZIONE> Data Assunzione : 21/10/1996 Data inizio qualifica : 01/01/2018 Specializzazioni: PATENTE NAUTICA 1^ CAT.,NUCLEO BATTERIOLOGICO LIV. 2,SOSTANZE PERICOLOSE,POLIZIA GIUDIZIARIA,PREVENZIONE INCENDI,INFORMATICA APPLICATA,OPERATORE BASE TAS (TAS1),AUTISTA DI 2^ GRADO,SAF 1A,TECNICHE PRIMO SOCCORSO,AUTOPROT. AMBIENTE ACQUATICO</CF_DT_ASSUNZIONE>
    </G_CGNDIP>
    <G_CGNDIP>
      <NUMISCRUO>00</NUMISCRUO>
      <DATAINI_QUAL>01-GEN-18</DATAINI_QUAL>
      <DATSCACER>26-OTT-23</DATSCACER>
      <SESDIP>M</SESDIP>
      <DATA_ASSUNZIONE>07-LUG-97</DATA_ASSUNZIONE>
      <RUOLOQUAL>2</RUOLOQUAL>
      <DATCMBTUR>07-LUG-21</DATCMBTUR>
      <DESCCOMUNE>MAIORI</DESCCOMUNE>
      <CGNDIP>APICELLA</CGNDIP>
      <NOMDIP>GIUSEPPE</NOMDIP>
      <CODQUALIFICA>506</CODQUALIFICA>
      <DATNASDIP>06-APR-69</DATNASDIP>
      <CODCOMUNE_NAS>65066</CODCOMUNE_NAS>
      <MATDIP>1902821</MATDIP>
      <CODFISDIP>PCLGPP69D06E839W</CODFISDIP>
      <GIPDIP_TYPE>DIPOPER</GIPDIP_TYPE>
      <CODTIPOPERS>2</CODTIPOPERS>
      <POSECONOMICA> </POSECONOMICA>
      <FASCIARETRIB>0</FASCIARETRIB>
      <DATINI>01-GEN-18</DATINI>
      <CODCESSAZIONE></CODCESSAZIONE>
      <VIARES>VIA VENA N? 8</VIARES>
      <CAPRES>84010</CAPRES>
      <CODCOMUNE_RES>65066</CODCOMUNE_RES>
      <CODPROV_RISIEDE_IN>SA</CODPROV_RISIEDE_IN>
      <CODTUR>D1</CODTUR>
      <CODSEDE>SA</CODSEDE>
      <CODDTC>1000</CODDTC>
      <DATAASGN>17-GIU-19</DATAASGN>
      <DATA_CESSAZIONE></DATA_CESSAZIONE>
      <DATA_REINTEGRO></DATA_REINTEGRO>
      <CF_DATA_CESS></CF_DATA_CESS>
      <CF_NOMEQUALIFICA>CAPO SQUADRA</CF_NOMEQUALIFICA>
      <CF_DESDTC>Centrale</CF_DESDTC>
      <CF_INDIRIZZO>Indirizzo : VIA VENA N? 8 C.A.P. 84010 - MAIORI</CF_INDIRIZZO>
      <CF_TELEFONO>Telefono : 089/853147</CF_TELEFONO>
      <CF_DT_ASSUNZIONE> Data Assunzione : 07/07/1997 Data inizio qualifica : 01/01/2018 Specializzazioni: ANTINCENDIO NAVALE,PATENTE NAUTICA 1^ CAT.,POLIZIA GIUDIZIARIA,PREVENZIONE INCENDI,RADIOMETRIA E RADIOATTIVITA',PUNTELLAMENTI E COSTRUZIONI,URBAN SEARCH &amp; RESCUE LIGHT,AUTISTA DI 4^ GRADO,SAF 1A,TECNICHE PRIMO SOCCORSO,AUTOPROT. AMBIENTE ACQUATICO</CF_DT_ASSUNZIONE>
    </G_CGNDIP>
    <G_CGNDIP>
      <NUMISCRUO>00</NUMISCRUO>
      <DATAINI_QUAL>01-GEN-18</DATAINI_QUAL>
      <DATSCACER>16-AGO-20</DATSCACER>
      <SESDIP>M</SESDIP>
      <DATA_ASSUNZIONE>07-LUG-97</DATA_ASSUNZIONE>
      <RUOLOQUAL>2</RUOLOQUAL>
      <DATCMBTUR>27-AGO-20</DATCMBTUR>
      <DESCCOMUNE>MAIORI</DESCCOMUNE>
      <CGNDIP>FERRAIUOLO</CGNDIP>
      <NOMDIP>GIANLUCA</NOMDIP>
      <CODQUALIFICA>506</CODQUALIFICA>
      <DATNASDIP>13-AGO-69</DATNASDIP>
      <CODCOMUNE_NAS>65066</CODCOMUNE_NAS>
      <MATDIP>190325</MATDIP>
      <CODFISDIP>FRRGLC69M13E839R</CODFISDIP>
      <GIPDIP_TYPE>DIPOPER</GIPDIP_TYPE>
      <CODTIPOPERS>2</CODTIPOPERS>
      <POSECONOMICA> </POSECONOMICA>
      <FASCIARETRIB>0</FASCIARETRIB>
      <DATINI>01-GEN-18</DATINI>
      <CODCESSAZIONE></CODCESSAZIONE>
      <VIARES>VIA NUOVA PRONCIALE CHIUNZI 59</VIARES>
      <CAPRES>84010</CAPRES>
      <CODCOMUNE_RES>65066</CODCOMUNE_RES>
      <CODPROV_RISIEDE_IN>SA</CODPROV_RISIEDE_IN>
      <CODTUR>A4</CODTUR>
      <CODSEDE>SA</CODSEDE>
      <CODDTC>1000</CODDTC>
      <DATAASGN>17-GIU-19</DATAASGN>
      <DATA_CESSAZIONE></DATA_CESSAZIONE>
      <DATA_REINTEGRO></DATA_REINTEGRO>
      <CF_DATA_CESS></CF_DATA_CESS>
      <CF_NOMEQUALIFICA>CAPO SQUADRA</CF_NOMEQUALIFICA>
      <CF_DESDTC>Centrale</CF_DESDTC>
      <CF_INDIRIZZO>Indirizzo : VIA NUOVA PRONCIALE CHIUNZI 59 C.A.P. 84010 - MAIORI</CF_INDIRIZZO>
      <CF_TELEFONO>Telefono : 089/852779</CF_TELEFONO>
      <CF_DT_ASSUNZIONE> Data Assunzione : 07/07/1997 Data inizio qualifica : 01/01/2018 Specializzazioni: NUCLEO BATTERIOLOGICO LIV. 2,SOSTANZE PERICOLOSE,POLIZIA GIUDIZIARIA,PREVENZIONE INCENDI,RADIOMETRIA E RADIOATTIVITA',OPERATORE BASE TAS (TAS1),PUNTELLAMENTI E COSTRUZIONI,AUTISTA DI 3^ GRADO,SAF 1A,TECNICHE PRIMO SOCCORSO,AUTOPROT. AMBIENTE ACQUATICO</CF_DT_ASSUNZIONE>
    </G_CGNDIP>
    <G_CGNDIP>
      <NUMISCRUO>00</NUMISCRUO>
      <DATAINI_QUAL>01-GEN-18</DATAINI_QUAL>
      <DATSCACER>12-OTT-23</DATSCACER>
      <SESDIP>M</SESDIP>
      <DATA_ASSUNZIONE>07-LUG-97</DATA_ASSUNZIONE>
      <RUOLOQUAL>2</RUOLOQUAL>
      <DATCMBTUR>04-LUG-21</DATCMBTUR>
      <DESCCOMUNE>CAVA DE' TIRRENI</DESCCOMUNE>
      <CGNDIP>SCHIAVO</CGNDIP>
      <NOMDIP>BRUNO</NOMDIP>
      <CODQUALIFICA>506</CODQUALIFICA>
      <DATNASDIP>10-DIC-66</DATNASDIP>
      <CODCOMUNE_NAS>65037</CODCOMUNE_NAS>
      <MATDIP>1903429</MATDIP>
      <CODFISDIP>SCHBRN66T10C361B</CODFISDIP>
      <GIPDIP_TYPE>DIPOPER</GIPDIP_TYPE>
      <CODTIPOPERS>2</CODTIPOPERS>
      <POSECONOMICA> </POSECONOMICA>
      <FASCIARETRIB>0</FASCIARETRIB>
      <DATINI>01-GEN-18</DATINI>
      <CODCESSAZIONE></CODCESSAZIONE>
      <VIARES>VIA PECORARI,158</VIARES>
      <CAPRES>84015</CAPRES>
      <CODCOMUNE_RES>65079</CODCOMUNE_RES>
      <CODPROV_RISIEDE_IN>SA</CODPROV_RISIEDE_IN>
      <CODTUR>D6</CODTUR>
      <CODSEDE>SA</CODSEDE>
      <CODDTC>2002</CODDTC>
      <DATAASGN>30-MAG-17</DATAASGN>
      <DATA_CESSAZIONE></DATA_CESSAZIONE>
      <DATA_REINTEGRO></DATA_REINTEGRO>
      <CF_DATA_CESS></CF_DATA_CESS>
      <CF_NOMEQUALIFICA>CAPO SQUADRA</CF_NOMEQUALIFICA>
      <CF_DESDTC>Nocera Inferiore</CF_DESDTC>
      <CF_INDIRIZZO>Indirizzo : VIA PECORARI,158 C.A.P. 84015 - NOCERA SUPERIORE</CF_INDIRIZZO>
      <CF_TELEFONO>Telefono : 081/5142863 - 331/5784145</CF_TELEFONO>
      <CF_DT_ASSUNZIONE> Data Assunzione : 07/07/1997 Data inizio qualifica : 01/01/2018 Specializzazioni: PATENTE NAUTICA 1^ CAT.,MOVIMENTO TERRA,SOSTANZE PERICOLOSE,POLIZIA GIUDIZIARIA,PREVENZIONE INCENDI,PUNTELLAMENTI E COSTRUZIONI,URBAN SEARCH &amp; RESCUE LIGHT,AUTISTA DI 4^ GRADO,SAF 1A,TECNICHE PRIMO SOCCORSO,AUTOPROT. AMBIENTE ACQUATICO</CF_DT_ASSUNZIONE>
    </G_CGNDIP>
    <G_CGNDIP>
      <NUMISCRUO>0000</NUMISCRUO>
      <DATAINI_QUAL>01-GEN-18</DATAINI_QUAL>
      <DATSCACER>19-APR-23</DATSCACER>
      <SESDIP>M</SESDIP>
      <DATA_ASSUNZIONE>14-APR-97</DATA_ASSUNZIONE>
      <RUOLOQUAL>2</RUOLOQUAL>
      <DATCMBTUR>18-GIU-20</DATCMBTUR>
      <DESCCOMUNE>VILLARICCA</DESCCOMUNE>
      <CGNDIP>CAPOZZI</CGNDIP>
      <NOMDIP>DOMENICO</NOMDIP>
      <CODQUALIFICA>506</CODQUALIFICA>
      <DATNASDIP>27-MAG-69</DATNASDIP>
      <CODCOMUNE_NAS>63087</CODCOMUNE_NAS>
      <MATDIP>40074</MATDIP>
      <CODFISDIP>CPZDNC69E27G309Y</CODFISDIP>
      <GIPDIP_TYPE>DIPOPER</GIPDIP_TYPE>
      <CODTIPOPERS>2</CODTIPOPERS>
      <POSECONOMICA> </POSECONOMICA>
      <FASCIARETRIB>0</FASCIARETRIB>
      <DATINI>01-GEN-18</DATINI>
      <CODCESSAZIONE></CODCESSAZIONE>
      <VIARES>VIA ATENE 4</VIARES>
      <CAPRES>80017</CAPRES>
      <CODCOMUNE_RES>63045</CODCOMUNE_RES>
      <CODPROV_RISIEDE_IN>NA</CODPROV_RISIEDE_IN>
      <CODTUR>H1</CODTUR>
      <CODSEDE>SA</CODSEDE>
      <CODDTC>2003</CODDTC>
      <DATAASGN>15-GIU-20</DATAASGN>
      <DATA_CESSAZIONE></DATA_CESSAZIONE>
      <DATA_REINTEGRO></DATA_REINTEGRO>
      <CF_DATA_CESS></CF_DATA_CESS>
      <CF_NOMEQUALIFICA>CAPO SQUADRA</CF_NOMEQUALIFICA>
      <CF_DESDTC>Sala Consilina</CF_DESDTC>
      <CF_INDIRIZZO>Indirizzo : VIA ATENE 4 C.A.P. 80017 - MELITO DI NAPOLI</CF_INDIRIZZO>
      <CF_TELEFONO>Telefono : 081/7113124</CF_TELEFONO>
      <CF_DT_ASSUNZIONE> Data Assunzione : 14/04/1997 Data inizio qualifica : 01/01/2018 Specializzazioni: CORSO AEROPORTUALE,POLIZIA GIUDIZIARIA,PREVENZIONE INCENDI,PUNTELLAMENTI E COSTRUZIONI,AUTISTA DI 4^ GRADO,TECNICHE PRIMO SOCCORSO</CF_DT_ASSUNZIONE>
    </G_CGNDIP>
    <G_CGNDIP>
      <NUMISCRUO>0000</NUMISCRUO>
      <DATAINI_QUAL>01-GEN-18</DATAINI_QUAL>
      <DATSCACER>03-MAR-21</DATSCACER>
      <SESDIP>M</SESDIP>
      <DATA_ASSUNZIONE>07-LUG-97</DATA_ASSUNZIONE>
      <RUOLOQUAL>2</RUOLOQUAL>
      <DATCMBTUR>08-GIU-21</DATCMBTUR>
      <DESCCOMUNE>NAPOLI</DESCCOMUNE>
      <CGNDIP>SAPORITO</CGNDIP>
      <NOMDIP>FEDERICO</NOMDIP>
      <CODQUALIFICA>506</CODQUALIFICA>
      <DATNASDIP>01-FEB-64</DATNASDIP>
      <CODCOMUNE_NAS>63049</CODCOMUNE_NAS>
      <MATDIP>1903531</MATDIP>
      <CODFISDIP>SPRFRC64B01F839N</CODFISDIP>
      <GIPDIP_TYPE>DIPOPER</GIPDIP_TYPE>
      <CODTIPOPERS>2</CODTIPOPERS>
      <POSECONOMICA> </POSECONOMICA>
      <FASCIARETRIB>0</FASCIARETRIB>
      <DATINI>01-GEN-18</DATINI>
      <CODCESSAZIONE></CODCESSAZIONE>
      <VIARES>CORSO VITTORIO EMANUELE, 586</VIARES>
      <CAPRES>80135</CAPRES>
      <CODCOMUNE_RES>63049</CODCOMUNE_RES>
      <CODPROV_RISIEDE_IN>NA</CODPROV_RISIEDE_IN>
      <CODTUR>B1</CODTUR>
      <CODSEDE>SA</CODSEDE>
      <CODDTC>4000</CODDTC>
      <DATAASGN>15-GIU-20</DATAASGN>
      <DATA_CESSAZIONE></DATA_CESSAZIONE>
      <DATA_REINTEGRO></DATA_REINTEGRO>
      <CF_DATA_CESS></CF_DATA_CESS>
      <CF_NOMEQUALIFICA>CAPO SQUADRA</CF_NOMEQUALIFICA>
      <CF_DESDTC>Agropoli</CF_DESDTC>
      <CF_INDIRIZZO>Indirizzo : CORSO VITTORIO EMANUELE, 586 C.A.P. 80135 - NAPOLI</CF_INDIRIZZO>
      <CF_TELEFONO>Telefono : 081/406749 - 334/6974763</CF_TELEFONO>
      <CF_DT_ASSUNZIONE> Data Assunzione : 07/07/1997 Data inizio qualifica : 01/01/2018 Specializzazioni: CORSO AEROPORTUALE,POLIZIA GIUDIZIARIA,PREVENZIONE INCENDI,PATENTE NAUTICA UNIF.+ANFIBI,AUTISTA DI 3^ GRADO,SAF 1A,TECNICHE PRIMO SOCCORSO,AUTOPROT. AMBIENTE ACQUATICO</CF_DT_ASSUNZIONE>
    </G_CGNDIP>
    <G_CGNDIP>
      <NUMISCRUO>0000</NUMISCRUO>
      <DATAINI_QUAL>01-GEN-18</DATAINI_QUAL>
      <DATSCACER>28-APR-22</DATSCACER>
      <SESDIP>M</SESDIP>
      <DATA_ASSUNZIONE>06-LUG-92</DATA_ASSUNZIONE>
      <RUOLOQUAL>2</RUOLOQUAL>
      <DATCMBTUR>02-OTT-20</DATCMBTUR>
      <DESCCOMUNE>NAPOLI</DESCCOMUNE>
      <CGNDIP>FIORILLO</CGNDIP>
      <NOMDIP>EDOARDO</NOMDIP>
      <CODQUALIFICA>506</CODQUALIFICA>
      <DATNASDIP>06-LUG-72</DATNASDIP>
      <CODCOMUNE_NAS>63049</CODCOMUNE_NAS>
      <MATDIP>1903040</MATDIP>
      <CODFISDIP>FRLDRD72L06F839E</CODFISDIP>
      <GIPDIP_TYPE>DIPOPER</GIPDIP_TYPE>
      <CODTIPOPERS>2</CODTIPOPERS>
      <POSECONOMICA> </POSECONOMICA>
      <FASCIARETRIB>0</FASCIARETRIB>
      <DATINI>01-GEN-18</DATINI>
      <CODCESSAZIONE></CODCESSAZIONE>
      <VIARES>VIA CARLO CARAFA 11</VIARES>
      <CAPRES>80100</CAPRES>
      <CODCOMUNE_RES>63049</CODCOMUNE_RES>
      <CODPROV_RISIEDE_IN>NA</CODPROV_RISIEDE_IN>
      <CODTUR>A8</CODTUR>
      <CODSEDE>SA</CODSEDE>
      <CODDTC>2002</CODDTC>
      <DATAASGN>15-GIU-20</DATAASGN>
      <DATA_CESSAZIONE></DATA_CESSAZIONE>
      <DATA_REINTEGRO></DATA_REINTEGRO>
      <CF_DATA_CESS></CF_DATA_CESS>
      <CF_NOMEQUALIFICA>CAPO SQUADRA</CF_NOMEQUALIFICA>
      <CF_DESDTC>Nocera Inferiore</CF_DESDTC>
      <CF_INDIRIZZO>Indirizzo : VIA CARLO CARAFA 11 C.A.P. 80100 - NAPOLI</CF_INDIRIZZO>
      <CF_TELEFONO>Telefono :  - 338/2198397</CF_TELEFONO>
      <CF_DT_ASSUNZIONE> Data Assunzione : 06/07/1992 Data inizio qualifica : 01/01/2018 Specializzazioni: NUCLEO BATTERIOLOGICO LIV. 2,SOSTANZE PERICOLOSE,POLIZIA GIUDIZIARIA,RADIOMETRIA E RADIOATTIVITA',OPERATORE BASE TAS (TAS1),PUNTELLAMENTI E COSTRUZIONI,SAF 1A,TECNICHE PRIMO SOCCORSO</CF_DT_ASSUNZIONE>
    </G_CGNDIP>
    <G_CGNDIP>
      <NUMISCRUO>0000</NUMISCRUO>
      <DATAINI_QUAL>01-GEN-18</DATAINI_QUAL>
      <DATSCACER>22-APR-21</DATSCACER>
      <SESDIP>M</SESDIP>
      <DATA_ASSUNZIONE>22-LUG-96</DATA_ASSUNZIONE>
      <RUOLOQUAL>2</RUOLOQUAL>
      <DATCMBTUR>02-AGO-20</DATCMBTUR>
      <DESCCOMUNE>NAPOLI</DESCCOMUNE>
      <CGNDIP>CICATIELLO</CGNDIP>
      <NOMDIP>MAURIZIO</NOMDIP>
      <CODQUALIFICA>506</CODQUALIFICA>
      <DATNASDIP>11-MAR-73</DATNASDIP>
      <CODCOMUNE_NAS>63049</CODCOMUNE_NAS>
      <MATDIP>0806905</MATDIP>
      <CODFISDIP>CCTMRZ73C11F839K</CODFISDIP>
      <GIPDIP_TYPE>DIPOPER</GIPDIP_TYPE>
      <CODTIPOPERS>2</CODTIPOPERS>
      <POSECONOMICA> </POSECONOMICA>
      <FASCIARETRIB>0</FASCIARETRIB>
      <DATINI>01-GEN-18</DATINI>
      <CODCESSAZIONE></CODCESSAZIONE>
      <VIARES>PIAZZA S.ALFONSO</VIARES>
      <CAPRES>80145</CAPRES>
      <CODCOMUNE_RES>63049</CODCOMUNE_RES>
      <CODPROV_RISIEDE_IN>NA</CODPROV_RISIEDE_IN>
      <CODTUR>I2</CODTUR>
      <CODSEDE>SA</CODSEDE>
      <CODDTC>2006</CODDTC>
      <DATAASGN>17-GIU-19</DATAASGN>
      <DATA_CESSAZIONE></DATA_CESSAZIONE>
      <DATA_REINTEGRO></DATA_REINTEGRO>
      <CF_DATA_CESS></CF_DATA_CESS>
      <CF_NOMEQUALIFICA>CAPO SQUADRA</CF_NOMEQUALIFICA>
      <CF_DESDTC>Santa Marina</CF_DESDTC>
      <CF_INDIRIZZO>Indirizzo : PIAZZA S.ALFONSO C.A.P. 80145 - NAPOLI</CF_INDIRIZZO>
      <CF_TELEFONO>Telefono : 081/111111111 - 334/6970832</CF_TELEFONO>
      <CF_DT_ASSUNZIONE> Data Assunzione : 22/07/1996 Data inizio qualifica : 01/01/2018 Specializzazioni: ATTR. IND. DI PROTEZIONE (DPI),CORSO AEROPORTUALE,NUCLEO BATTERIOLOGICO LIV. 2,OPERAT. CENTRALE OPERATIVA 115,POLIZIA GIUDIZIARIA,OPERATORE BASE TAS (TAS1),PUNTELLAMENTI E COSTRUZIONI,AUTISTA DI 1^ GRADO,TECNICHE PRIMO SOCCORSO,AUTOPROT. AMBIENTE ACQUATICO</CF_DT_ASSUNZIONE>
    </G_CGNDIP>
    <G_CGNDIP>
      <NUMISCRUO>410</NUMISCRUO>
      <DATAINI_QUAL>01-GEN-19</DATAINI_QUAL>
      <DATSCACER>16-OTT-23</DATSCACER>
      <SESDIP>M</SESDIP>
      <DATA_ASSUNZIONE>29-DIC-97</DATA_ASSUNZIONE>
      <RUOLOQUAL>2</RUOLOQUAL>
      <DATCMBTUR>14-GIU-21</DATCMBTUR>
      <DESCCOMUNE>NAPOLI</DESCCOMUNE>
      <CGNDIP>BARTIROMO</CGNDIP>
      <NOMDIP>NINO</NOMDIP>
      <CODQUALIFICA>506</CODQUALIFICA>
      <DATNASDIP>09-APR-69</DATNASDIP>
      <CODCOMUNE_NAS>63049</CODCOMUNE_NAS>
      <MATDIP>3000008</MATDIP>
      <CODFISDIP>BRTNNI69D09F839Q</CODFISDIP>
      <GIPDIP_TYPE>DIPOPER</GIPDIP_TYPE>
      <CODTIPOPERS>2</CODTIPOPERS>
      <POSECONOMICA> </POSECONOMICA>
      <FASCIARETRIB>0</FASCIARETRIB>
      <DATINI>01-GEN-19</DATINI>
      <CODCESSAZIONE></CODCESSAZIONE>
      <VIARES>VIA STELLA N?22</VIARES>
      <CAPRES>84010</CAPRES>
      <CODCOMUNE_RES>65066</CODCOMUNE_RES>
      <CODPROV_RISIEDE_IN>SA</CODPROV_RISIEDE_IN>
      <CODTUR>D8</CODTUR>
      <CODSEDE>SA</CODSEDE>
      <CODDTC>3501</CODDTC>
      <DATAASGN>21-DIC-20</DATAASGN>
      <DATA_CESSAZIONE></DATA_CESSAZIONE>
      <DATA_REINTEGRO></DATA_REINTEGRO>
      <CF_DATA_CESS></CF_DATA_CESS>
      <CF_NOMEQUALIFICA>CAPO SQUADRA</CF_NOMEQUALIFICA>
      <CF_DESDTC>Giffoni Valle Piana</CF_DESDTC>
      <CF_INDIRIZZO>Indirizzo : VIA STELLA N?22 C.A.P. 84010 - MAIORI</CF_INDIRIZZO>
      <CF_TELEFONO>Telefono : 0338/5260191</CF_TELEFONO>
      <CF_DT_ASSUNZIONE> Data Assunzione : 29/12/1997 Data inizio qualifica : 01/01/2019 Specializzazioni: PATENTE NAUTICA 1^ CAT.,NUCLEO BATTERIOLOGICO LIV. 2,POLIZIA GIUDIZIARIA,PREVENZIONE INCENDI,RADIOMETRIA E RADIOATTIVITA',CONDUTTORE MOTO D'ACQUA (PWC),OPERATORE BASE TAS (TAS1),PUNTELLAMENTI E COSTRUZIONI,URBAN SEARCH &amp; RESCUE LIGHT,AUTISTA DI 4^ GRADO,SAF 1A,TECNICHE PRIMO SOCCORSO,AUTOPROT. AMBIENTE ACQUATICO</CF_DT_ASSUNZIONE>
    </G_CGNDIP>
    <G_CGNDIP>
      <NUMISCRUO>14023</NUMISCRUO>
      <DATAINI_QUAL>01-GEN-18</DATAINI_QUAL>
      <DATSCACER>19-APR-23</DATSCACER>
      <SESDIP>M</SESDIP>
      <DATA_ASSUNZIONE>20-OTT-97</DATA_ASSUNZIONE>
      <RUOLOQUAL>2</RUOLOQUAL>
      <DATCMBTUR>02-APR-21</DATCMBTUR>
      <DESCCOMUNE>NAPOLI</DESCCOMUNE>
      <CGNDIP>GAROFALO</CGNDIP>
      <NOMDIP>CIRO</NOMDIP>
      <CODQUALIFICA>506</CODQUALIFICA>
      <DATNASDIP>03-FEB-72</DATNASDIP>
      <CODCOMUNE_NAS>63049</CODCOMUNE_NAS>
      <MATDIP>1904043</MATDIP>
      <CODFISDIP>GRFCRI72B03F839H</CODFISDIP>
      <GIPDIP_TYPE>DIPOPER</GIPDIP_TYPE>
      <CODTIPOPERS>2</CODTIPOPERS>
      <POSECONOMICA> </POSECONOMICA>
      <FASCIARETRIB>0</FASCIARETRIB>
      <DATINI>01-GEN-18</DATINI>
      <CODCESSAZIONE></CODCESSAZIONE>
      <VIARES>VIA DOMENICO GIUSTINO  N? 13</VIARES>
      <CAPRES>80125</CAPRES>
      <CODCOMUNE_RES>63049</CODCOMUNE_RES>
      <CODPROV_RISIEDE_IN>NA</CODPROV_RISIEDE_IN>
      <CODTUR>H2</CODTUR>
      <CODSEDE>SA</CODSEDE>
      <CODDTC>2006</CODDTC>
      <DATAASGN>15-GIU-20</DATAASGN>
      <DATA_CESSAZIONE></DATA_CESSAZIONE>
      <DATA_REINTEGRO></DATA_REINTEGRO>
      <CF_DATA_CESS></CF_DATA_CESS>
      <CF_NOMEQUALIFICA>CAPO SQUADRA</CF_NOMEQUALIFICA>
      <CF_DESDTC>Santa Marina</CF_DESDTC>
      <CF_INDIRIZZO>Indirizzo : VIA DOMENICO GIUSTINO  N? 13 C.A.P. 80125 - NAPOLI</CF_INDIRIZZO>
      <CF_TELEFONO>Telefono : 081/7625174</CF_TELEFONO>
      <CF_DT_ASSUNZIONE> Data Assunzione : 20/10/1997 Data inizio qualifica : 01/01/2018 Specializzazioni: CORSO AEROPORTUALE,POLIZIA GIUDIZIARIA,PREVENZIONE INCENDI,OPERATORE BASE TAS (TAS1),AUTISTA DI 3^ GRADO,SAF 1A,TECNICHE PRIMO SOCCORSO</CF_DT_ASSUNZIONE>
    </G_CGNDIP>
    <G_CGNDIP>
      <NUMISCRUO>14122</NUMISCRUO>
      <DATAINI_QUAL>01-GEN-18</DATAINI_QUAL>
      <DATSCACER>25-SET-21</DATSCACER>
      <SESDIP>M</SESDIP>
      <DATA_ASSUNZIONE>20-OTT-97</DATA_ASSUNZIONE>
      <RUOLOQUAL>2</RUOLOQUAL>
      <DATCMBTUR>13-APR-21</DATCMBTUR>
      <DESCCOMUNE>SAN LEUCIO DEL SANNIO</DESCCOMUNE>
      <CGNDIP>FELEPPA</CGNDIP>
      <NOMDIP>SMERALDO</NOMDIP>
      <CODQUALIFICA>506</CODQUALIFICA>
      <DATNASDIP>12-LUG-72</DATNASDIP>
      <CODCOMUNE_NAS>62060</CODCOMUNE_NAS>
      <MATDIP>1903991</MATDIP>
      <CODFISDIP>FLPSRL72L12H953D</CODFISDIP>
      <GIPDIP_TYPE>DIPOPER</GIPDIP_TYPE>
      <CODTIPOPERS>2</CODTIPOPERS>
      <POSECONOMICA> </POSECONOMICA>
      <FASCIARETRIB>0</FASCIARETRIB>
      <DATINI>01-GEN-18</DATINI>
      <CODCESSAZIONE></CODCESSAZIONE>
      <VIARES>FRAZIONE MACCABEI N? 7</VIARES>
      <CAPRES>82010</CAPRES>
      <CODCOMUNE_RES>62060</CODCOMUNE_RES>
      <CODPROV_RISIEDE_IN>BN</CODPROV_RISIEDE_IN>
      <CODTUR>F7</CODTUR>
      <CODSEDE>SA</CODSEDE>
      <CODDTC>2001</CODDTC>
      <DATAASGN>15-GIU-20</DATAASGN>
      <DATA_CESSAZIONE></DATA_CESSAZIONE>
      <DATA_REINTEGRO></DATA_REINTEGRO>
      <CF_DATA_CESS></CF_DATA_CESS>
      <CF_NOMEQUALIFICA>CAPO SQUADRA</CF_NOMEQUALIFICA>
      <CF_DESDTC>Vallo Della Lucania</CF_DESDTC>
      <CF_INDIRIZZO>Indirizzo : FRAZIONE MACCABEI N? 7 C.A.P. 82010 - SAN LEUCIO DEL SANNIO</CF_INDIRIZZO>
      <CF_TELEFONO>Telefono : 0824/45656</CF_TELEFONO>
      <CF_DT_ASSUNZIONE> Data Assunzione : 20/10/1997 Data inizio qualifica : 01/01/2018 Specializzazioni: DIRETTORE OPER. SPEGNIMENTO,OPERAT. CENTRALE OPERATIVA 115,SOSTANZE PERICOLOSE,PREVENZIONE INCENDI,INFORMATICA APPLICATA,RADIOMETRIA E RADIOATTIVITA',OPERATORE BASE TAS (TAS1),PUNTELLAMENTI E COSTRUZIONI,URBAN SEARCH &amp; RESCUE MEDIUM,OPERATORE RADIOMETRIA,AUTISTA DI 2^ GRADO,SAF 1A,SAF 1B,TECNICHE PRIMO SOCCORSO,AUTOPROT. AMBIENTE ACQUATICO</CF_DT_ASSUNZIONE>
    </G_CGNDIP>
    <G_CGNDIP>
      <NUMISCRUO>8705</NUMISCRUO>
      <DATAINI_QUAL>01-GEN-18</DATAINI_QUAL>
      <DATSCACER>03-MAG-22</DATSCACER>
      <SESDIP>M</SESDIP>
      <DATA_ASSUNZIONE>07-LUG-97</DATA_ASSUNZIONE>
      <RUOLOQUAL>2</RUOLOQUAL>
      <DATCMBTUR>02-MAG-21</DATCMBTUR>
      <DESCCOMUNE>AVELLINO</DESCCOMUNE>
      <CGNDIP>SPINIELLO</CGNDIP>
      <NOMDIP>ANTONIO</NOMDIP>
      <CODQUALIFICA>506</CODQUALIFICA>
      <DATNASDIP>29-DIC-67</DATNASDIP>
      <CODCOMUNE_NAS>64008</CODCOMUNE_NAS>
      <MATDIP>1903449</MATDIP>
      <CODFISDIP>SPNNTN67T29A509Y</CODFISDIP>
      <GIPDIP_TYPE>DIPOPER</GIPDIP_TYPE>
      <CODTIPOPERS>2</CODTIPOPERS>
      <POSECONOMICA> </POSECONOMICA>
      <FASCIARETRIB>0</FASCIARETRIB>
      <DATINI>01-GEN-18</DATINI>
      <CODCESSAZIONE></CODCESSAZIONE>
      <VIARES>VIA CIOPPOLO, 25</VIARES>
      <CAPRES>83010</CAPRES>
      <CODCOMUNE_RES>64018</CODCOMUNE_RES>
      <CODPROV_RISIEDE_IN>AV</CODPROV_RISIEDE_IN>
      <CODTUR>A3</CODTUR>
      <CODSEDE>SA</CODSEDE>
      <CODDTC>4000</CODDTC>
      <DATAASGN>15-GIU-20</DATAASGN>
      <DATA_CESSAZIONE></DATA_CESSAZIONE>
      <DATA_REINTEGRO></DATA_REINTEGRO>
      <CF_DATA_CESS></CF_DATA_CESS>
      <CF_NOMEQUALIFICA>CAPO SQUADRA</CF_NOMEQUALIFICA>
      <CF_DESDTC>Agropoli</CF_DESDTC>
      <CF_INDIRIZZO>Indirizzo : VIA CIOPPOLO, 25 C.A.P. 83010 - CAPRIGLIA IRPINA</CF_INDIRIZZO>
      <CF_TELEFONO>Telefono : 0825/671125 - 347/2651901</CF_TELEFONO>
      <CF_DT_ASSUNZIONE> Data Assunzione : 07/07/1997 Data inizio qualifica : 01/01/2018 Specializzazioni: PATENTE NAUTICA 1^ CAT.,NUCLEO BATTERIOLOGICO LIV. 2,POLIZIA GIUDIZIARIA,PREVENZIONE INCENDI,INFORMATICA APPLICATA,OPERATORE BASE TAS (TAS1),AUTISTA DI 4^ GRADO,SAF 1A,TECNICHE PRIMO SOCCORSO,AUTOPROT. AMBIENTE ACQUATICO</CF_DT_ASSUNZIONE>
    </G_CGNDIP>
    <G_CGNDIP>
      <NUMISCRUO>000</NUMISCRUO>
      <DATAINI_QUAL>01-GEN-18</DATAINI_QUAL>
      <DATSCACER>21-MAR-21</DATSCACER>
      <SESDIP>M</SESDIP>
      <DATA_ASSUNZIONE>27-GEN-97</DATA_ASSUNZIONE>
      <RUOLOQUAL>2</RUOLOQUAL>
      <DATCMBTUR>01-AGO-20</DATCMBTUR>
      <DESCCOMUNE>AVELLINO</DESCCOMUNE>
      <CGNDIP>ZARRELLA</CGNDIP>
      <NOMDIP>AMODIO</NOMDIP>
      <CODQUALIFICA>506</CODQUALIFICA>
      <DATNASDIP>13-MAR-68</DATNASDIP>
      <CODCOMUNE_NAS>64008</CODCOMUNE_NAS>
      <MATDIP>1901563</MATDIP>
      <CODFISDIP>ZRRMDA68C13A509H</CODFISDIP>
      <GIPDIP_TYPE>DIPOPER</GIPDIP_TYPE>
      <CODTIPOPERS>2</CODTIPOPERS>
      <POSECONOMICA> </POSECONOMICA>
      <FASCIARETRIB>0</FASCIARETRIB>
      <DATINI>01-GEN-18</DATINI>
      <CODCESSAZIONE></CODCESSAZIONE>
      <VIARES>C/DA PAGLIARONE 16/C</VIARES>
      <CAPRES>83100</CAPRES>
      <CODCOMUNE_RES>64008</CODCOMUNE_RES>
      <CODPROV_RISIEDE_IN>AV</CODPROV_RISIEDE_IN>
      <CODTUR>C4</CODTUR>
      <CODSEDE>SA</CODSEDE>
      <CODDTC>3500</CODDTC>
      <DATAASGN>17-GIU-19</DATAASGN>
      <DATA_CESSAZIONE></DATA_CESSAZIONE>
      <DATA_REINTEGRO></DATA_REINTEGRO>
      <CF_DATA_CESS></CF_DATA_CESS>
      <CF_NOMEQUALIFICA>CAPO SQUADRA</CF_NOMEQUALIFICA>
      <CF_DESDTC>Sarno</CF_DESDTC>
      <CF_INDIRIZZO>Indirizzo : C/DA PAGLIARONE 16/C C.A.P. 83100 - AVELLINO</CF_INDIRIZZO>
      <CF_TELEFONO>Telefono : 0825/902225 - 338/7290603</CF_TELEFONO>
      <CF_DT_ASSUNZIONE> Data Assunzione : 27/01/1997 Data inizio qualifica : 01/01/2018 Specializzazioni: SALVAMENTO A NUOTO,SOSTANZE PERICOLOSE,PREVENZIONE INCENDI,RADIOMETRIA E RADIOATTIVITA',PUNTELLAMENTI E COSTRUZIONI,OPERATORE RADIOMETRIA,AUTISTA DI 4^ GRADO,SAF 1A,TECNICHE PRIMO SOCCORSO,AUTOPROT. AMBIENTE ACQUATICO</CF_DT_ASSUNZIONE>
    </G_CGNDIP>
    <G_CGNDIP>
      <NUMISCRUO>14689</NUMISCRUO>
      <DATAINI_QUAL>01-GEN-18</DATAINI_QUAL>
      <DATSCACER>20-AGO-22</DATSCACER>
      <SESDIP>M</SESDIP>
      <DATA_ASSUNZIONE>20-OTT-97</DATA_ASSUNZIONE>
      <RUOLOQUAL>2</RUOLOQUAL>
      <DATCMBTUR>22-GIU-21</DATCMBTUR>
      <DESCCOMUNE>AVELLINO</DESCCOMUNE>
      <CGNDIP>VALENTINO</CGNDIP>
      <NOMDIP>PASQUALE</NOMDIP>
      <CODQUALIFICA>506</CODQUALIFICA>
      <DATNASDIP>19-MAG-69</DATNASDIP>
      <CODCOMUNE_NAS>64008</CODCOMUNE_NAS>
      <MATDIP>1904448</MATDIP>
      <CODFISDIP>VLNPQL69E19A509G</CODFISDIP>
      <GIPDIP_TYPE>DIPOPER</GIPDIP_TYPE>
      <CODTIPOPERS>2</CODTIPOPERS>
      <POSECONOMICA> </POSECONOMICA>
      <FASCIARETRIB>0</FASCIARETRIB>
      <DATINI>01-GEN-18</DATINI>
      <CODCESSAZIONE></CODCESSAZIONE>
      <VIARES>SOPRAPIANO</VIARES>
      <CAPRES>83010</CAPRES>
      <CODCOMUNE_RES>64008</CODCOMUNE_RES>
      <CODPROV_RISIEDE_IN>AV</CODPROV_RISIEDE_IN>
      <CODTUR>D4</CODTUR>
      <CODSEDE>SA</CODSEDE>
      <CODDTC>4000</CODDTC>
      <DATAASGN>15-GIU-20</DATAASGN>
      <DATA_CESSAZIONE></DATA_CESSAZIONE>
      <DATA_REINTEGRO></DATA_REINTEGRO>
      <CF_DATA_CESS></CF_DATA_CESS>
      <CF_NOMEQUALIFICA>CAPO SQUADRA</CF_NOMEQUALIFICA>
      <CF_DESDTC>Agropoli</CF_DESDTC>
      <CF_INDIRIZZO>Indirizzo : SOPRAPIANO C.A.P. 83010 - AVELLINO</CF_INDIRIZZO>
      <CF_TELEFONO>Telefono : 0368/3678803</CF_TELEFONO>
      <CF_DT_ASSUNZIONE> Data Assunzione : 20/10/1997 Data inizio qualifica : 01/01/2018 Specializzazioni: ATTR. IND. DI PROTEZIONE (DPI),NUCLEO BATTERIOLOGICO LIV. 2,OPERAT. CENTRALE OPERATIVA 115,POLIZIA GIUDIZIARIA,PREVENZIONE INCENDI,RADIOMETRIA E RADIOATTIVITA',OPERATORE BASE TAS (TAS1),OPERATORE RADIOMETRIA,AUTISTA DI 1^ GRADO,SAF 1A,(NBCR)  NUCLEO BATTERIOLOGICO ,TECNICHE PRIMO SOCCORSO</CF_DT_ASSUNZIONE>
    </G_CGNDIP>
    <G_CGNDIP>
      <NUMISCRUO>000</NUMISCRUO>
      <DATAINI_QUAL>01-GEN-18</DATAINI_QUAL>
      <DATSCACER>28-MAR-21</DATSCACER>
      <SESDIP>M</SESDIP>
      <DATA_ASSUNZIONE>20-OTT-97</DATA_ASSUNZIONE>
      <RUOLOQUAL>2</RUOLOQUAL>
      <DATCMBTUR>15-GIU-20</DATCMBTUR>
      <DESCCOMUNE>AVELLINO</DESCCOMUNE>
      <CGNDIP>MARINELLI</CGNDIP>
      <NOMDIP>ANTONIO</NOMDIP>
      <CODQUALIFICA>506</CODQUALIFICA>
      <DATNASDIP>14-SET-69</DATNASDIP>
      <CODCOMUNE_NAS>64008</CODCOMUNE_NAS>
      <MATDIP>1904196</MATDIP>
      <CODFISDIP>MRNNTN69P14A509K</CODFISDIP>
      <GIPDIP_TYPE>DIPOPER</GIPDIP_TYPE>
      <CODTIPOPERS>2</CODTIPOPERS>
      <POSECONOMICA> </POSECONOMICA>
      <FASCIARETRIB>0</FASCIARETRIB>
      <DATINI>01-GEN-18</DATINI>
      <CODCESSAZIONE></CODCESSAZIONE>
      <VIARES>VIA NAZIONALE N? 38</VIARES>
      <CAPRES>83024</CAPRES>
      <CODCOMUNE_RES>64054</CODCOMUNE_RES>
      <CODPROV_RISIEDE_IN>AV</CODPROV_RISIEDE_IN>
      <CODTUR>D8</CODTUR>
      <CODSEDE>SA</CODSEDE>
      <CODDTC>4000</CODDTC>
      <DATAASGN>15-GIU-20</DATAASGN>
      <DATA_CESSAZIONE></DATA_CESSAZIONE>
      <DATA_REINTEGRO></DATA_REINTEGRO>
      <CF_DATA_CESS></CF_DATA_CESS>
      <CF_NOMEQUALIFICA>CAPO SQUADRA</CF_NOMEQUALIFICA>
      <CF_DESDTC>Agropoli</CF_DESDTC>
      <CF_INDIRIZZO>Indirizzo : VIA NAZIONALE N? 38 C.A.P. 83024 - MONTEFORTE IRPINO</CF_INDIRIZZO>
      <CF_TELEFONO>Telefono :  - 338/7289946</CF_TELEFONO>
      <CF_DT_ASSUNZIONE> Data Assunzione : 20/10/1997 Data inizio qualifica : 01/01/2018 Specializzazioni: DIRETTORE OPER. SPEGNIMENTO,SOCCORSO ACQUATICO,MOVIMENTO TERRA,OPERAT. CENTRALE OPERATIVA 115,SAF FLUVIALE,CONDUTTORE MOTO D'ACQUA (PWC),OPERATORE BASE TAS (TAS1),ISTRUTTORE ATP,PUNTELLAMENTI E COSTRUZIONI,PATENTE NAUTICA UNIF.+ANFIBI,AUTISTA ANFIBI,AUTISTA DI 4^ GRADO,SAF 1B,SAF 2A,TECNICHE PRIMO SOCCORSO</CF_DT_ASSUNZIONE>
    </G_CGNDIP>
    <G_CGNDIP>
      <NUMISCRUO>14374</NUMISCRUO>
      <DATAINI_QUAL>01-GEN-18</DATAINI_QUAL>
      <DATSCACER>19-APR-23</DATSCACER>
      <SESDIP>M</SESDIP>
      <DATA_ASSUNZIONE>20-OTT-97</DATA_ASSUNZIONE>
      <RUOLOQUAL>2</RUOLOQUAL>
      <DATCMBTUR>04-SET-20</DATCMBTUR>
      <DESCCOMUNE>LAPIO</DESCCOMUNE>
      <CGNDIP>NUTILE</CGNDIP>
      <NOMDIP>GIUSEPPE</NOMDIP>
      <CODQUALIFICA>506</CODQUALIFICA>
      <DATNASDIP>26-MAG-66</DATNASDIP>
      <CODCOMUNE_NAS>64042</CODCOMUNE_NAS>
      <MATDIP>1904269</MATDIP>
      <CODFISDIP>NTLGPP66E26A509S</CODFISDIP>
      <GIPDIP_TYPE>DIPOPER</GIPDIP_TYPE>
      <CODTIPOPERS>2</CODTIPOPERS>
      <POSECONOMICA> </POSECONOMICA>
      <FASCIARETRIB>0</FASCIARETRIB>
      <DATINI>01-GEN-18</DATINI>
      <CODCESSAZIONE></CODCESSAZIONE>
      <VIARES>VIA MOLA N? 3</VIARES>
      <CAPRES>83030</CAPRES>
      <CODCOMUNE_RES>64042</CODCOMUNE_RES>
      <CODPROV_RISIEDE_IN>AV</CODPROV_RISIEDE_IN>
      <CODTUR>A1</CODTUR>
      <CODSEDE>SA</CODSEDE>
      <CODDTC>3500</CODDTC>
      <DATAASGN>15-GIU-20</DATAASGN>
      <DATA_CESSAZIONE></DATA_CESSAZIONE>
      <DATA_REINTEGRO></DATA_REINTEGRO>
      <CF_DATA_CESS></CF_DATA_CESS>
      <CF_NOMEQUALIFICA>CAPO SQUADRA</CF_NOMEQUALIFICA>
      <CF_DESDTC>Sarno</CF_DESDTC>
      <CF_INDIRIZZO>Indirizzo : VIA MOLA N? 3 C.A.P. 83030 - LAPIO</CF_INDIRIZZO>
      <CF_TELEFONO>Telefono : 0825/982471 - 338/7291475 - 333/7008014</CF_TELEFONO>
      <CF_DT_ASSUNZIONE> Data Assunzione : 20/10/1997 Data inizio qualifica : 01/01/2018 Specializzazioni: DIRETTORE OPER. SPEGNIMENTO,PATENTE NAUTICA 1^ CAT.,MOVIMENTO TERRA,POLIZIA GIUDIZIARIA,SAF FLUVIALE,CONDUTTORE MOTO D'ACQUA (PWC),OPERATORE AVANZATO TAS (TAS2),PUNTELLAMENTI E COSTRUZIONI,PAT. NAUTICA UNIF.+ANFIBI LIM,AUTISTA DI 4^ GRADO,SAF 1B,SAF 2A,TECNICHE PRIMO SOCCORSO,AUTOPROT. AMBIENTE ACQUATICO</CF_DT_ASSUNZIONE>
    </G_CGNDIP>
    <G_CGNDIP>
      <NUMISCRUO>2844</NUMISCRUO>
      <DATAINI_QUAL>01-GEN-18</DATAINI_QUAL>
      <DATSCACER>15-GIU-20</DATSCACER>
      <SESDIP>M</SESDIP>
      <DATA_ASSUNZIONE>07-LUG-97</DATA_ASSUNZIONE>
      <RUOLOQUAL>2</RUOLOQUAL>
      <DATCMBTUR>03-GIU-21</DATCMBTUR>
      <DESCCOMUNE>BENEVENTO</DESCCOMUNE>
      <CGNDIP>ANGARANO</CGNDIP>
      <NOMDIP>ROBERTO</NOMDIP>
      <CODQUALIFICA>506</CODQUALIFICA>
      <DATNASDIP>11-GEN-74</DATNASDIP>
      <CODCOMUNE_NAS>62008</CODCOMUNE_NAS>
      <MATDIP>1902820</MATDIP>
      <CODFISDIP>NGRRRT74A11A783D</CODFISDIP>
      <GIPDIP_TYPE>DIPOPER</GIPDIP_TYPE>
      <CODTIPOPERS>2</CODTIPOPERS>
      <POSECONOMICA> </POSECONOMICA>
      <FASCIARETRIB>0</FASCIARETRIB>
      <DATINI>01-GEN-18</DATINI>
      <CODCESSAZIONE></CODCESSAZIONE>
      <VIARES>VIA SAN LEUCIO</VIARES>
      <CAPRES>82100</CAPRES>
      <CODCOMUNE_RES>62008</CODCOMUNE_RES>
      <CODPROV_RISIEDE_IN>BN</CODPROV_RISIEDE_IN>
      <CODTUR>A7</CODTUR>
      <CODSEDE>SA</CODSEDE>
      <CODDTC>3500</CODDTC>
      <DATAASGN>15-GIU-20</DATAASGN>
      <DATA_CESSAZIONE></DATA_CESSAZIONE>
      <DATA_REINTEGRO></DATA_REINTEGRO>
      <CF_DATA_CESS></CF_DATA_CESS>
      <CF_NOMEQUALIFICA>CAPO SQUADRA</CF_NOMEQUALIFICA>
      <CF_DESDTC>Sarno</CF_DESDTC>
      <CF_INDIRIZZO>Indirizzo : VIA SAN LEUCIO C.A.P. 82100 - BENEVENTO</CF_INDIRIZZO>
      <CF_TELEFONO>Telefono :  - 338/5868197</CF_TELEFONO>
      <CF_DT_ASSUNZIONE> Data Assunzione : 07/07/1997 Data inizio qualifica : 01/01/2018 Specializzazioni: ATTR. IND. DI PROTEZIONE (DPI),MOVIMENTO TERRA,NUCLEO BATTERIOLOGICO LIV. 2,OPERAT. CENTRALE OPERATIVA 115,POLIZIA GIUDIZIARIA,PREVENZIONE INCENDI,RADIOMETRIA E RADIOATTIVITA',ISTRUTTORE T.P.S.S.,PUNTELLAMENTI E COSTRUZIONI,URBAN SEARCH &amp; RESCUE LIGHT,AUTISTA DI 2^ GRADO,SAF 1A,TECNICHE PRIMO SOCCORSO,AUTOPROT. AMBIENTE ACQUATICO</CF_DT_ASSUNZIONE>
    </G_CGNDIP>
    <G_CGNDIP>
      <NUMISCRUO>145</NUMISCRUO>
      <DATAINI_QUAL>01-GEN-18</DATAINI_QUAL>
      <DATSCACER>09-APR-23</DATSCACER>
      <SESDIP>M</SESDIP>
      <DATA_ASSUNZIONE>21-OTT-96</DATA_ASSUNZIONE>
      <RUOLOQUAL>2</RUOLOQUAL>
      <DATCMBTUR>04-APR-20</DATCMBTUR>
      <DESCCOMUNE>BRINDISI</DESCCOMUNE>
      <CGNDIP>OSTUNI</CGNDIP>
      <NOMDIP>GIANLUCA</NOMDIP>
      <CODQUALIFICA>506</CODQUALIFICA>
      <DATNASDIP>07-LUG-72</DATNASDIP>
      <CODCOMUNE_NAS>74001</CODCOMUNE_NAS>
      <MATDIP>42915</MATDIP>
      <CODFISDIP>STNGLC72L07B180J</CODFISDIP>
      <GIPDIP_TYPE>DIPOPER</GIPDIP_TYPE>
      <CODTIPOPERS>2</CODTIPOPERS>
      <POSECONOMICA> </POSECONOMICA>
      <FASCIARETRIB>0</FASCIARETRIB>
      <DATINI>01-GEN-18</DATINI>
      <CODCESSAZIONE></CODCESSAZIONE>
      <VIARES>VIA GIUSEPPE IMPASTATO 4/A</VIARES>
      <CAPRES>72100</CAPRES>
      <CODCOMUNE_RES>74001</CODCOMUNE_RES>
      <CODPROV_RISIEDE_IN>BR</CODPROV_RISIEDE_IN>
      <CODTUR>I4</CODTUR>
      <CODSEDE>SA</CODSEDE>
      <CODDTC>2006</CODDTC>
      <DATAASGN>16-GIU-19</DATAASGN>
      <DATA_CESSAZIONE></DATA_CESSAZIONE>
      <DATA_REINTEGRO></DATA_REINTEGRO>
      <CF_DATA_CESS></CF_DATA_CESS>
      <CF_NOMEQUALIFICA>CAPO SQUADRA</CF_NOMEQUALIFICA>
      <CF_DESDTC>Santa Marina</CF_DESDTC>
      <CF_INDIRIZZO>Indirizzo : VIA GIUSEPPE IMPASTATO 4/A C.A.P. 72100 - BRINDISI</CF_INDIRIZZO>
      <CF_TELEFONO>Telefono :  - 331/5775828</CF_TELEFONO>
      <CF_DT_ASSUNZIONE> Data Assunzione : 21/10/1996 Data inizio qualifica : 01/01/2018 Specializzazioni: CORSO AEROPORTUALE,PUNTELLAMENTI E COSTRUZIONI,AUTISTA DI 4^ GRADO,SAF 1A,TECNICHE PRIMO SOCCORSO,AUTOPROT. AMBIENTE ACQUATICO</CF_DT_ASSUNZIONE>
    </G_CGNDIP>
    <G_CGNDIP>
      <NUMISCRUO>00</NUMISCRUO>
      <DATAINI_QUAL>01-GEN-18</DATAINI_QUAL>
      <DATSCACER>18-MAR-23</DATSCACER>
      <SESDIP>M</SESDIP>
      <DATA_ASSUNZIONE>07-LUG-97</DATA_ASSUNZIONE>
      <RUOLOQUAL>2</RUOLOQUAL>
      <DATCMBTUR>02-AGO-20</DATCMBTUR>
      <DESCCOMUNE>VENTICANO</DESCCOMUNE>
      <CGNDIP>VILLANO</CGNDIP>
      <NOMDIP>MAURIZIO</NOMDIP>
      <CODQUALIFICA>506</CODQUALIFICA>
      <DATNASDIP>27-OTT-69</DATNASDIP>
      <CODCOMUNE_NAS>64116</CODCOMUNE_NAS>
      <MATDIP>1903510</MATDIP>
      <CODFISDIP>VLLMRZ69R27L739R</CODFISDIP>
      <GIPDIP_TYPE>DIPOPER</GIPDIP_TYPE>
      <CODTIPOPERS>2</CODTIPOPERS>
      <POSECONOMICA> </POSECONOMICA>
      <FASCIARETRIB>0</FASCIARETRIB>
      <DATINI>01-GEN-18</DATINI>
      <CODCESSAZIONE></CODCESSAZIONE>
      <VIARES>VIA CASALE CEFALO GRIFI, 1</VIARES>
      <CAPRES>83030</CAPRES>
      <CODCOMUNE_RES>64110</CODCOMUNE_RES>
      <CODPROV_RISIEDE_IN>AV</CODPROV_RISIEDE_IN>
      <CODTUR>D5</CODTUR>
      <CODSEDE>SA</CODSEDE>
      <CODDTC>3500</CODDTC>
      <DATAASGN>15-GIU-20</DATAASGN>
      <DATA_CESSAZIONE></DATA_CESSAZIONE>
      <DATA_REINTEGRO></DATA_REINTEGRO>
      <CF_DATA_CESS></CF_DATA_CESS>
      <CF_NOMEQUALIFICA>CAPO SQUADRA</CF_NOMEQUALIFICA>
      <CF_DESDTC>Sarno</CF_DESDTC>
      <CF_INDIRIZZO>Indirizzo : VIA CASALE CEFALO GRIFI, 1 C.A.P. 83030 - TORRE LE NOCELLE</CF_INDIRIZZO>
      <CF_TELEFONO>Telefono : 0825/965442 - 348/7811689</CF_TELEFONO>
      <CF_DT_ASSUNZIONE> Data Assunzione : 07/07/1997 Data inizio qualifica : 01/01/2018 Specializzazioni: MOVIMENTO TERRA,NUCLEO BATTERIOLOGICO LIV. 2,SOSTANZE PERICOLOSE,PREVENZIONE INCENDI,RADIOMETRIA E RADIOATTIVITA',PUNTELLAMENTI E COSTRUZIONI,OPERATORE RADIOMETRIA,PATENTE NAUTICA UNIF.+ANFIBI,PAT. NAUTICA 1^CAT.+ANFIBI,AUTISTA DI 4^ GRADO,SAF 1A,SAF 1B,TECNICHE PRIMO SOCCORSO,AUTOPROT. AMBIENTE ACQUATICO</CF_DT_ASSUNZIONE>
    </G_CGNDIP>
    <G_CGNDIP>
      <NUMISCRUO>00</NUMISCRUO>
      <DATAINI_QUAL>01-GEN-18</DATAINI_QUAL>
      <DATSCACER>09-AGO-20</DATSCACER>
      <SESDIP>M</SESDIP>
      <DATA_ASSUNZIONE>21-OTT-96</DATA_ASSUNZIONE>
      <RUOLOQUAL>2</RUOLOQUAL>
      <DATCMBTUR>04-SET-20</DATCMBTUR>
      <DESCCOMUNE>COMUNE ESTERO / NON SPECIFICATO</DESCCOMUNE>
      <CGNDIP>MANGIERI</CGNDIP>
      <NOMDIP>BRUNO</NOMDIP>
      <CODQUALIFICA>506</CODQUALIFICA>
      <DATNASDIP>09-MAR-68</DATNASDIP>
      <CODCOMUNE_NAS>999999</CODCOMUNE_NAS>
      <MATDIP>1900265</MATDIP>
      <CODFISDIP>MNGBRN68C09Z133W</CODFISDIP>
      <GIPDIP_TYPE>DIPOPER</GIPDIP_TYPE>
      <CODTIPOPERS>2</CODTIPOPERS>
      <POSECONOMICA> </POSECONOMICA>
      <FASCIARETRIB>0</FASCIARETRIB>
      <DATINI>01-GEN-18</DATINI>
      <CODCESSAZIONE></CODCESSAZIONE>
      <VIARES>VIA DELLA LANA N. 8/A</VIARES>
      <CAPRES>84035</CAPRES>
      <CODCOMUNE_RES>65097</CODCOMUNE_RES>
      <CODPROV_RISIEDE_IN>SA</CODPROV_RISIEDE_IN>
      <CODTUR>E6</CODTUR>
      <CODSEDE>SA</CODSEDE>
      <CODDTC>2003</CODDTC>
      <DATAASGN>17-NOV-16</DATAASGN>
      <DATA_CESSAZIONE></DATA_CESSAZIONE>
      <DATA_REINTEGRO></DATA_REINTEGRO>
      <CF_DATA_CESS></CF_DATA_CESS>
      <CF_NOMEQUALIFICA>CAPO SQUADRA</CF_NOMEQUALIFICA>
      <CF_DESDTC>Sala Consilina</CF_DESDTC>
      <CF_INDIRIZZO>Indirizzo : VIA DELLA LANA N. 8/A C.A.P. 84035 - POLLA</CF_INDIRIZZO>
      <CF_TELEFONO>Telefono : 0975/375015 - 338/4090323</CF_TELEFONO>
      <CF_DT_ASSUNZIONE> Data Assunzione : 21/10/1996 Data inizio qualifica : 01/01/2018 Specializzazioni: ATTR. IND. DI PROTEZIONE (DPI),NUCLEO BATTERIOLOGICO LIV. 2,POLIZIA GIUDIZIARIA,PREVENZIONE INCENDI,PUNTELLAMENTI E COSTRUZIONI,AUTISTA DI 1^ GRADO,AUTISTA DI 2^ GRADO,SAF 1A,TECNICHE PRIMO SOCCORSO</CF_DT_ASSUNZIONE>
    </G_CGNDIP>
  </LIST_G_CGNDIP>
  <LIST_G_COMUNE_SEDE>
    <G_COMUNE_SEDE>
      <COMUNE_SEDE>SALERNO</COMUNE_SEDE>
      <DESC_SEDE>Comando VV.F. SALERNO</DESC_SEDE>
      <DESCMD>SALERNO</DESCMD>
      <EMAIL></EMAIL>
      <INDIRIZZO_SEDE>Via S. Eustachio, 35</INDIRIZZO_SEDE>
      <NUM_FAX_SEDE>089/3089462</NUM_FAX_SEDE>
      <NUM_TEL1_SEDE>089/3089411</NUM_TEL1_SEDE>
      <NOMCMD>DOTT. ARCH. ROSA D'ELISEO</NOMCMD>
      <CF_DATI_SEDE>Via S. Eustachio, 35 - Tel. 089/3089411 - Fax 089/3089462 - E-Mail: </CF_DATI_SEDE>
    </G_COMUNE_SEDE>
  </LIST_G_COMUNE_SEDE>
</ST_ANAGRAFICA_PERSONALE>
